"","Year","Week","Date","president","approve_estimate","disapprove_estimate","total_vaccinations","people_vaccinated","people_fully_vaccinated","daily_vaccinations_raw","daily_vaccinations","total_vaccinations_per_hundred","people_vaccinated_per_hundred","people_fully_vaccinated_per_hundred","daily_vaccinations_per_million","State","New.Cases","X7.Day.Moving.Avg","New.COVID.19.Hospital.Admissions","X","yearweek","tweet_sentiment"
"1","2020","49",NA,NA,NA,NA,NA,NA,NA,NA,NA,NA,NA,NA,NA,NA,NA,NA,NA,24,202049,0.2
"2","2020","50",NA,NA,NA,NA,NA,NA,NA,NA,NA,NA,NA,NA,NA,NA,NA,NA,NA,19,202050,0.9
"3","2020","51",2020-12-19,"Donald Trump",43.49953,52.553457,NA,NA,NA,NA,NA,NA,NA,NA,NA,"United States",204066,214328,"14582.43",15,202051,0.34
"4","2020","51",2020-12-20,"Donald Trump",43.49953,52.553457,556208,556208,NA,NA,NA,0.17,0.17,NA,NA,"United States",179270,213498,"14639.86",15,202051,0.34
"5","2020","52",2020-12-22,"Donald Trump",43.013804,53.008904,NA,NA,NA,NA,127432,NA,NA,NA,379,"United States",197180,210441,"14800.86",9,202052,0.47
"6","2020","52",2020-12-24,"Donald Trump",42.662073,53.046373,NA,NA,NA,NA,191001,NA,NA,NA,568,"United States",218257,207554,"15006.14",9,202052,0.47
"7","2020","52",2020-12-21,"Donald Trump",43.095636,52.933403,614117,614117,NA,57909,57909,0.18,0.18,NA,172,"United States",170895,210635,"14719.71",9,202052,0.47
"8","2020","52",2020-12-26,"Donald Trump",42.662073,53.046373,1944585,1944585,NA,NA,231396,0.58,0.58,NA,688,"United States",139548,186393,"14645.29",9,202052,0.47
"9","2020","52",2020-12-23,"Donald Trump",42.629712,53.096353,1008025,1008025,NA,NA,150606,0.3,0.3,NA,448,"United States",243201,211102,"14928.29",9,202052,0.47
"10","2020","52",2020-12-25,"Donald Trump",42.662073,53.046373,NA,NA,NA,NA,215238,NA,NA,NA,640,"United States",156400,195609,"14893",9,202052,0.47
"11","2020","52",2020-12-27,"Donald Trump",42.662073,53.046373,NA,NA,NA,NA,211379,NA,NA,NA,628,"United States",119489,177852,"14825.86",9,202052,0.47
"12","2020","53",2020-12-30,"Donald Trump",42.698461,53.062629,2794588,2794588,NA,NA,255223,0.83,0.83,NA,759,"United States",276152,188701,"14973",1,202053,1.38
"13","2020","53",2020-12-31,"Donald Trump",42.569996,53.193613,NA,NA,NA,NA,278776,NA,NA,NA,829,"United States",278813,197351,"15113.29",1,202053,1.38
"14","2020","53",2020-12-28,"Donald Trump",42.662073,53.046373,2127143,2127143,NA,NA,216147,0.63,0.63,NA,643,"United States",187519,180227,"14926.29",1,202053,1.38
"15","2020","53",2020-12-29,"Donald Trump",42.652098,53.057602,NA,NA,NA,NA,235685,NA,NA,NA,701,"United States",223542,183993,"14915.43",1,202053,1.38
"16","2021","01",2021-01-04,"Donald Trump",42.569996,53.193613,4563260,4563260,NA,NA,348017,1.36,1.36,NA,1035,"United States",197846,225038,"15740",91,202101,0.51
"17","2021","01",2021-01-05,"Donald Trump",42.571273,53.215957,4836469,4836469,NA,273209,339372,1.44,1.44,NA,1009,"United States",247769,228499,"15956.57",91,202101,0.51
"18","2021","01",2021-01-06,"Donald Trump",42.759495,53.099187,5306797,5306797,NA,470328,358887,1.58,1.58,NA,1067,"United States",295251,231228,"16082",91,202101,0.51
"19","2021","01",2021-01-07,"Donald Trump",42.378777,53.244454,5919418,5919418,NA,612621,378253,1.76,1.76,NA,1125,"United States",288619,232629,"16127.86",91,202101,0.51
"20","2021","01",2021-01-08,"Donald Trump",41.858315,53.96632,6688231,6688231,NA,768813,419933,1.99,1.99,NA,1249,"United States",293366,243538,"16258.86",91,202101,0.51
"21","2021","01",2021-01-09,"Donald Trump",41.858315,53.96632,NA,NA,NA,NA,461263,NA,NA,NA,1371,"United States",245436,249629,"16489.29",91,202101,0.51
"22","2021","01",2021-01-10,"Donald Trump",41.858315,53.96632,NA,NA,NA,NA,546636,NA,NA,NA,1625,"United States",207572,253694,"16297.43",91,202101,0.51
"23","2021","02",2021-01-11,"Donald Trump",40.746526,54.742086,8987322,8987322,NA,NA,632009,2.67,2.67,NA,1879,"United States",190955,252709,"16153",89,202102,0.16
"24","2021","02",2021-01-12,"Donald Trump",40.545568,55.247232,9327138,9327138,NA,339816,641524,2.77,2.77,NA,1907,"United States",210291,247355,"15941.14",89,202102,0.16
"25","2021","02",2021-01-13,"Donald Trump",40.01021,55.823384,10278462,NA,NA,951324,710238,3.06,NA,NA,2112,"United States",240309,239506,"15758.43",89,202102,0.16
"26","2021","02",2021-01-14,"Donald Trump",39.440439,56.287022,11148991,9690757,1342086,870529,747082,3.31,2.88,0.4,2221,"United States",228306,230890,"15636.14",89,202102,0.16
"27","2021","02",2021-01-15,"Donald Trump",38.044537,58.034084,12279180,10595866,1610524,1130189,798707,3.65,3.15,0.48,2375,"United States",229537,221772,"15533.86",89,202102,0.16
"28","2021","02",2021-01-16,"Donald Trump",38.044537,58.034084,NA,NA,NA,NA,811670,NA,NA,NA,2413,"United States",205082,216007,"15366.14",89,202102,0.16
"29","2021","02",2021-01-17,"Donald Trump",38.724709,57.894003,NA,NA,NA,NA,824632,NA,NA,NA,2452,"United States",163046,209646,"15208.86",89,202102,0.16
"30","2021","03",2021-01-18,"Donald Trump",38.262011,58.148625,NA,NA,NA,NA,837595,NA,NA,NA,2490,"United States",140938,202501,"15050",58,202103,-0.2
"31","2021","03",2021-01-19,"Donald Trump",39.158235,57.43205,15707588,13595803,2023124,NA,911493,4.67,4.04,0.6,2710,"United States",147342,193508,"14753.43",58,202103,-0.2
"32","2021","03",2021-01-20,"Donald Trump",38.617868,57.852968,16525281,14270441,2161419,817693,892403,4.91,4.24,0.64,2653,"United States",193540,186827,"14434.29",58,202103,-0.2
"33","2021","03",2021-01-21,NA,NA,NA,17546374,15053257,2394961,1021093,913912,5.22,4.48,0.71,2717,"United States",197335,182402,"14115.29",58,202103,-0.2
"34","2021","03",2021-01-22,NA,NA,NA,19107959,16243093,2756953,1561585,975540,5.68,4.83,0.82,2901,"United States",190771,176864,"13841.71",58,202103,-0.2
"35","2021","03",2021-01-23,"Joseph R. Biden Jr.",52.9743,36.03907,20537990,17390345,3027865,1430031,1057387,6.11,5.17,0.9,3144,"United States",163518,170927,"13532.43",58,202103,-0.2
"36","2021","03",2021-01-24,"Joseph R. Biden Jr.",52.9743,36.03907,21848655,18502131,3216836,1310665,1122182,6.5,5.5,0.96,3337,"United States",134627,166867,"13261.14",58,202103,-0.2
"37","2021","04",2021-01-25,"Joseph R. Biden Jr.",54.9925,37.27006,22734243,19252279,3346390,885588,1126251,6.76,5.72,0.99,3349,"United States",121822,164136,"12945.71",52,202104,0.12
"38","2021","04",2021-01-29,"Joseph R. Biden Jr.",54.281215,34.557801,27884661,22858318,4780888,1690979,1253815,8.29,6.8,1.42,3728,"United States",159703,149747,"11917.29",52,202104,0.12
"39","2021","04",2021-01-26,"Joseph R. Biden Jr.",54.80725,37.49861,23540994,19902237,3481921,806751,1119058,7,5.92,1.04,3327,"United States",146857,164067,"12768.43",52,202104,0.12
"40","2021","04",2021-01-27,"Joseph R. Biden Jr.",53.949072,35.09413,24652634,20687970,3801053,1111640,1161050,7.33,6.15,1.13,3452,"United States",164116,159863,"12556.57",52,202104,0.12
"41","2021","04",2021-01-28,"Joseph R. Biden Jr.",54.222706,34.663625,26193682,21698606,4263056,1541048,1235330,7.79,6.45,1.27,3673,"United States",157588,154185,"12332.71",52,202104,0.12
"42","2021","04",2021-01-30,"Joseph R. Biden Jr.",54.281215,34.557801,29577902,24064165,5259693,1693241,1291416,8.79,7.16,1.56,3840,"United States",132175,145269,"11609",52,202104,0.12
"43","2021","04",2021-01-31,"Joseph R. Biden Jr.",54.281215,34.557801,31123299,25201143,5657142,1545397,1324949,9.25,7.49,1.68,3939,"United States",102181,140634,"11355.57",52,202104,0.12
"44","2021","05",2021-02-07,"Joseph R. Biden Jr.",53.156742,36.3333,41210937,31579100,9147185,2172973,1441091,12.25,9.39,2.72,4285,"United States",81908,112548,"9751.29",51,202105,0.61
"45","2021","05",2021-02-01,"Joseph R. Biden Jr.",53.396059,34.003756,32222402,26023153,5927847,1099103,1355451,9.58,7.74,1.76,4030,"United States",123156,140825,"11154.43",51,202105,0.61
"46","2021","05",2021-02-02,"Joseph R. Biden Jr.",53.192157,34.236291,32780860,26440836,6064792,558458,1319981,9.75,7.86,1.8,3925,"United States",115399,136331,"10788.71",51,202105,0.61
"47","2021","05",2021-02-03,"Joseph R. Biden Jr.",52.652548,35.189123,33878254,27154956,6436931,1097394,1317946,10.07,8.07,1.91,3919,"United States",116525,129532,"10512.14",51,202105,0.61
"48","2021","05",2021-02-04,"Joseph R. Biden Jr.",53.754728,35.837091,35203710,27905197,6926050,1325456,1287147,10.47,8.3,2.06,3827,"United States",123091,124604,"10285.43",51,202105,0.61
"49","2021","05",2021-02-05,"Joseph R. Biden Jr.",53.156742,36.3333,36819212,28909497,7503864,1615502,1276364,10.95,8.6,2.23,3795,"United States",121834,119194,"10133.29",51,202105,0.61
"50","2021","05",2021-02-06,"Joseph R. Biden Jr.",53.156742,36.3333,39037964,30250964,8317180,2218752,1351437,11.61,8.99,2.47,4018,"United States",105929,115445,"9954.57",51,202105,0.61
"51","2021","06",2021-02-08,"Joseph R. Biden Jr.",53.093442,36.748001,42417617,32340146,9518015,1206680,1456459,12.61,9.62,2.83,4331,"United States",79091,106253,"9515.71",154,202106,0.65
"52","2021","06",2021-02-09,"Joseph R. Biden Jr.",54.535052,36.935867,43206190,32867213,9840429,788573,1489333,12.85,9.77,2.93,4428,"United States",92423,102971,"9295.14",154,202106,0.65
"53","2021","06",2021-02-10,"Joseph R. Biden Jr.",54.289854,37.10473,44769970,33783384,10469514,1563780,1555959,13.31,10.04,3.11,4626,"United States",100323,100657,"9029.43",154,202106,0.65
"54","2021","06",2021-02-11,"Joseph R. Biden Jr.",54.253095,37.14357,46390270,34723964,11188782,1620300,1598080,13.79,10.32,3.33,4752,"United States",97425,96990,"8704.57",154,202106,0.65
"55","2021","06",2021-02-12,"Joseph R. Biden Jr.",54.441821,37.233365,48410558,35834855,12085830,2020288,1655907,14.39,10.65,3.59,4924,"United States",94495,93084,"8393.14",154,202106,0.65
"56","2021","06",2021-02-13,"Joseph R. Biden Jr.",54.442678,37.233457,50641884,37056122,13082172,2231326,1657703,15.06,11.02,3.89,4929,"United States",80777,89491,"8078.29",154,202106,0.65
"57","2021","06",2021-02-14,"Joseph R. Biden Jr.",54.442678,37.233457,52884356,38292270,14077440,2242472,1667631,15.72,11.39,4.19,4958,"United States",62209,86677,"7788.43",154,202106,0.65
"58","2021","07",2021-02-15,"Joseph R. Biden Jr.",54.567261,37.251158,NA,NA,NA,NA,1662106,NA,NA,NA,4942,"United States",55513,83309,"7544.14",150,202107,0.72
"59","2021","07",2021-02-16,"Joseph R. Biden Jr.",54.841579,37.396302,55220364,39670551,15015434,NA,1716311,16.42,11.8,4.46,5103,"United States",56835,78225,"7246.43",150,202107,0.72
"60","2021","07",2021-02-17,"Joseph R. Biden Jr.",54.457794,37.774734,56281827,40268009,15471536,1061463,1644551,16.73,11.97,4.6,4890,"United States",66648,73414,"7050.43",150,202107,0.72
"61","2021","07",2021-02-18,"Joseph R. Biden Jr.",54.449369,37.84585,57737767,41021049,16162358,1455940,1621071,17.17,12.2,4.81,4820,"United States",69485,69423,"6852.86",150,202107,0.72
"62","2021","07",2021-02-19,"Joseph R. Biden Jr.",54.452566,38.11517,59585043,41977401,17039118,1847276,1596355,17.72,12.48,5.07,4746,"United States",69924,65913,"6680.57",150,202107,0.72
"63","2021","07",2021-02-20,"Joseph R. Biden Jr.",54.452566,38.11517,61289500,42809595,17895667,1704457,1521088,18.22,12.73,5.32,4523,"United States",64113,63532,"6560.29",150,202107,0.72
"64","2021","07",2021-02-21,"Joseph R. Biden Jr.",54.452566,38.11517,63090634,43628092,18865319,1801134,1458040,18.76,12.97,5.61,4335,"United States",52025,62077,"6527.57",150,202107,0.72
"65","2021","08",2021-02-22,"Joseph R. Biden Jr.",54.732806,38.137972,64177474,44138118,19438495,1086840,1446445,19.08,13.12,5.78,4301,"United States",55176,62029,"6500.71",126,202108,0.98
"66","2021","08",2021-02-23,"Joseph R. Biden Jr.",54.406798,38.048187,65032083,44544969,19882544,854609,1401674,19.34,13.24,5.91,4168,"United States",71596,64138,"6461.14",126,202108,0.98
"67","2021","08",2021-02-24,"Joseph R. Biden Jr.",54.264025,38.116707,66464947,45237143,20607261,1432864,1454731,19.76,13.45,6.13,4325,"United States",72355,64953,"6366.86",126,202108,0.98
"68","2021","08",2021-02-25,"Joseph R. Biden Jr.",54.479157,38.20396,68274117,46074392,21555117,1809170,1505193,20.3,13.7,6.41,4475,"United States",69785,64996,"6257.71",126,202108,0.98
"69","2021","08",2021-02-26,"Joseph R. Biden Jr.",54.403931,38.308259,70454064,47184199,22613359,2179947,1552717,20.95,14.03,6.72,4617,"United States",71144,65170,"6109.29",126,202108,0.98
"70","2021","08",2021-02-27,"Joseph R. Biden Jr.",54.403931,38.308259,72806180,48435536,23698627,2352116,1645240,21.65,14.4,7.05,4892,"United States",65847,65418,"5934.57",126,202108,0.98
"71","2021","08",2021-02-28,"Joseph R. Biden Jr.",54.403931,38.308259,75236003,49772180,24779920,2429823,1735053,22.37,14.8,7.37,5159,"United States",48788,64955,"5801.86",126,202108,0.98
"72","2021","09",2021-03-01,"Joseph R. Biden Jr.",53.922245,37.081727,76899987,50732997,25466405,1663984,1817502,22.86,15.08,7.57,5404,"United States",50563,64296,"5640.14",123,202109,0.05
"73","2021","09",2021-03-02,"Joseph R. Biden Jr.",53.544854,37.124568,78631601,51755447,26162122,1731614,1942788,23.38,15.39,7.78,5777,"United States",54569,61864,"5454",123,202109,0.05
"74","2021","09",2021-03-03,"Joseph R. Biden Jr.",52.898622,38.326638,80540474,52855579,26957804,1908873,2010790,23.95,15.72,8.02,5979,"United States",65602,60899,"5282.29",123,202109,0.05
"75","2021","09",2021-03-04,"Joseph R. Biden Jr.",53.061421,38.314457,82572848,54035670,27795980,2032374,2042676,24.55,16.07,8.26,6074,"United States",64535,60149,"5178.57",123,202109,0.05
"76","2021","09",2021-03-05,"Joseph R. Biden Jr.",53.55762,38.642223,85008094,55547697,28701201,2435246,2079147,25.28,16.52,8.53,6182,"United States",62012,58845,"5127.43",123,202109,0.05
"77","2021","09",2021-03-06,"Joseph R. Biden Jr.",53.55762,38.642223,87912323,57358849,29776160,2904229,2158020,26.14,17.05,8.85,6416,"United States",55347,57345,"5065.57",123,202109,0.05
"78","2021","09",2021-03-07,"Joseph R. Biden Jr.",53.55762,38.642223,90351750,58873710,30686881,2439427,2159392,26.86,17.51,9.12,6421,"United States",41819,56349,"4991.86",123,202109,0.05
"79","2021","10",2021-03-10,"Joseph R. Biden Jr.",52.958772,39.278536,95721290,62451150,32904161,2028692,2168688,28.46,18.57,9.78,6448,"United States",58637,54103,"4882.14",199,202110,0.76
"80","2021","10",2021-03-08,"Joseph R. Biden Jr.",53.368976,38.800609,92089852,60005231,31493040,1738102,2169981,27.38,17.84,9.36,6452,"United States",42233,55159,"4955",199,202110,0.76
"81","2021","10",2021-03-09,"Joseph R. Biden Jr.",53.447902,38.782093,93692598,61088527,32102061,1602746,2151571,27.86,18.16,9.54,6397,"United States",54143,55098,"4911.29",199,202110,0.76
"82","2021","10",2021-03-14,"Joseph R. Biden Jr.",54.065952,40.104361,107060274,69784210,37459269,1356773,2386932,31.83,20.75,11.14,7097,"United States",42003,53014,"4739.57",199,202110,0.76
"83","2021","10",2021-03-11,"Joseph R. Biden Jr.",53.043988,40.254456,98203893,64071674,33863127,2482603,2233006,29.2,19.05,10.07,6639,"United States",59539,53390,"4819.14",199,202110,0.76
"84","2021","10",2021-03-12,"Joseph R. Biden Jr.",53.154843,40.274014,101128005,65965305,35000159,2924112,2302844,30.07,19.61,10.41,6847,"United States",62150,53409,"4811.86",199,202110,0.76
"85","2021","10",2021-03-13,"Joseph R. Biden Jr.",53.154843,40.274014,105703501,68884011,36929777,4575496,2541597,31.43,20.48,10.98,7557,"United States",52398,52988,"4768",199,202110,0.76
"86","2021","11",2021-03-20,"Joseph R. Biden Jr.",54.326912,39.946276,121441497,79367225,43036818,3127679,2248285,36.11,23.6,12.8,6685,"United States",56335,54588,"4637.86",218,202111,0.83
"87","2021","11",2021-03-15,"Joseph R. Biden Jr.",53.846774,40.185976,109081860,71054445,38335432,2021586,2427430,32.43,21.13,11.4,7218,"United States",43401,53181,"4723.29",218,202111,0.83
"88","2021","11",2021-03-16,"Joseph R. Biden Jr.",53.88628,40.134543,110737856,72135616,39042345,1655996,2435037,32.93,21.45,11.61,7240,"United States",54214,53191,"4704.57",218,202111,0.83
"89","2021","11",2021-03-17,"Joseph R. Biden Jr.",53.585267,40.321243,113037627,73669956,39989196,2299771,2473762,33.61,21.9,11.89,7355,"United States",62160,53695,"4668.14",218,202111,0.83
"90","2021","11",2021-03-18,"Joseph R. Biden Jr.",54.036119,39.985409,115730008,75495716,40981464,2692381,2503731,34.41,22.45,12.19,7444,"United States",62744,54152,"4665.43",218,202111,0.83
"91","2021","11",2021-03-19,"Joseph R. Biden Jr.",54.326912,39.946276,118313818,77230061,41934629,2583810,2455116,35.18,22.96,12.47,7300,"United States",61264,54026,"4617.29",218,202111,0.83
"92","2021","11",2021-03-21,"Joseph R. Biden Jr.",54.326912,39.946276,124481412,81415769,44141228,3039915,2488734,37.01,24.21,13.12,7400,"United States",43403,54788,"4640.14",218,202111,0.83
"93","2021","12",2021-03-22,"Joseph R. Biden Jr.",55.064562,39.104932,126509736,82772416,44910946,2028324,2489697,37.62,24.61,13.35,7403,"United States",49135,55607,"4645.57",189,202112,1.24
"94","2021","12",2021-03-23,"Joseph R. Biden Jr.",54.974286,39.208636,128217029,83930495,45533962,1707293,2497025,38.12,24.96,13.54,7424,"United States",59345,56340,"4688.29",189,202112,1.24
"95","2021","12",2021-03-24,"Joseph R. Biden Jr.",54.380435,39.780839,130473853,85472166,46365515,2256824,2490889,38.79,25.41,13.79,7406,"United States",68626,57264,"4728.14",189,202112,1.24
"96","2021","12",2021-03-25,"Joseph R. Biden Jr.",53.974147,39.712355,133305295,87343622,47419832,2831442,2510755,39.64,25.97,14.1,7465,"United States",66357,57780,"4777",189,202112,1.24
"97","2021","12",2021-03-26,"Joseph R. Biden Jr.",54.021847,39.66327,136684688,89559225,48695172,3379393,2624410,40.64,26.63,14.48,7803,"United States",76812,60001,"4814.29",189,202112,1.24
"98","2021","12",2021-03-27,"Joseph R. Biden Jr.",54.021847,39.66327,140180735,91707729,50141769,3496047,2677034,41.68,27.27,14.91,7960,"United States",62100,60825,"4841",189,202112,1.24
"99","2021","12",2021-03-28,"Joseph R. Biden Jr.",54.021847,39.66327,143462691,93631163,51593564,3281956,2711611,42.66,27.84,15.34,8062,"United States",51585,61994,"4916.29",189,202112,1.24
"100","2021","13",2021-03-29,"Joseph R. Biden Jr.",54.124379,39.430828,145812835,95015762,52614231,2350144,2757586,43.35,28.25,15.64,8199,"United States",57563,63198,"4953.71",188,202113,-0.36
"101","2021","13",2021-03-30,"Joseph R. Biden Jr.",53.904588,39.536628,147602345,96044046,53423486,1789510,2769331,43.89,28.56,15.88,8234,"United States",63549,63798,"4974.86",188,202113,-0.36
"102","2021","13",2021-03-31,"Joseph R. Biden Jr.",54.106209,39.480767,150273292,97593290,54607041,2670947,2828491,44.68,29.02,16.24,8410,"United States",72685,64378,"4987.43",188,202113,-0.36
"103","2021","13",2021-04-01,"Joseph R. Biden Jr.",53.790376,39.429603,153631404,99565311,56089614,3358112,2903730,45.68,29.6,16.68,8634,"United States",73786,65440,"5003.86",188,202113,-0.36
"104","2021","13",2021-04-02,"Joseph R. Biden Jr.",53.864386,39.829318,157606463,101804762,57984785,3975059,2988825,46.86,30.27,17.24,8887,"United States",69425,64384,"5032.71",188,202113,-0.36
"105","2021","13",2021-04-03,"Joseph R. Biden Jr.",53.906377,39.90923,161688422,104213478,59858146,4081959,3072527,48.08,30.99,17.8,9136,"United States",62203,64399,"5070.86",188,202113,-0.36
"106","2021","13",2021-04-04,"Joseph R. Biden Jr.",53.911609,39.903956,165053746,106214924,61416536,3365324,3084436,49.08,31.58,18.26,9171,"United States",44066,63325,"5094.86",188,202113,-0.36
"107","2021","14",2021-04-05,"Joseph R. Biden Jr.",53.678575,39.51854,167187795,107515428,62392065,2134049,3053566,49.71,31.97,18.55,9079,"United States",56944,63236,"5151.86",281,202114,1.09
"108","2021","14",2021-04-06,"Joseph R. Biden Jr.",53.618386,39.609798,168592075,108301234,63016976,1404280,2998533,50.13,32.2,18.74,8916,"United States",66532,63663,"5243.14",281,202114,1.09
"109","2021","14",2021-04-07,"Joseph R. Biden Jr.",53.11851,39.950253,171476655,109995734,64422618,2884580,3029052,50.99,32.71,19.15,9006,"United States",79327,64611,"5318.57",281,202114,1.09
"110","2021","14",2021-04-08,"Joseph R. Biden Jr.",53.348828,39.690286,174879716,112046611,66203123,3403061,3035473,52,33.32,19.68,9025,"United States",75857,64907,"5367.43",281,202114,1.09
"111","2021","14",2021-04-09,"Joseph R. Biden Jr.",53.59475,39.569551,178837781,114436039,68202458,3958065,3033045,53.17,34.03,20.28,9018,"United States",79267,66313,"5427.14",281,202114,1.09
"112","2021","14",2021-04-10,"Joseph R. Biden Jr.",53.59475,39.569551,183467709,117142879,70692645,4629928,3111327,54.55,34.83,21.02,9251,"United States",65881,66839,"5467.43",281,202114,1.09
"113","2021","14",2021-04-11,"Joseph R. Biden Jr.",53.59475,39.569551,187047131,119242902,72630892,3579422,3141912,55.62,35.45,21.6,9342,"United States",50023,67690,"5521.86",281,202114,1.09
"114","2021","15",2021-04-12,"Joseph R. Biden Jr.",53.582872,39.497847,189692045,120848490,74066085,2644914,3214893,56.4,35.93,22.02,9559,"United States",60857,68249,"5554.57",302,202115,-0.11
"115","2021","15",2021-04-13,"Joseph R. Biden Jr.",53.571123,39.525347,192282781,122295530,75322283,2590736,3384387,57.17,36.36,22.4,10063,"United States",74717,69418,"5538.29",302,202115,-0.11
"116","2021","15",2021-04-14,"Joseph R. Biden Jr.",52.479558,40.920696,194791836,123917385,76681252,2509055,3330740,57.92,36.84,22.8,9903,"United States",73450,68578,"5544",302,202115,-0.11
"117","2021","15",2021-04-15,"Joseph R. Biden Jr.",52.789209,40.751822,198317040,125822868,78498290,3525204,3348189,58.97,37.41,23.34,9955,"United States",74581,68396,"5551.14",302,202115,-0.11
"118","2021","15",2021-04-16,"Joseph R. Biden Jr.",53.242339,40.60295,202282923,127743096,80609818,3965883,3349306,60.15,37.98,23.97,9959,"United States",70789,67185,"5582.57",302,202115,-0.11
"119","2021","15",2021-04-17,"Joseph R. Biden Jr.",53.242339,40.60295,205871913,129494179,82471151,3588990,3200601,61.21,38.5,24.52,9516,"United States",73646,68294,"5623.43",302,202115,-0.11
"120","2021","15",2021-04-18,"Joseph R. Biden Jr.",53.242339,40.60295,209406814,131247546,84263408,3534901,3194240,62.26,39.02,25.05,9497,"United States",47821,67980,"5627.86",302,202115,-0.11
"121","2021","16",2021-04-19,"Joseph R. Biden Jr.",53.283328,40.57157,211581309,132321628,85365180,2174495,3127038,62.91,39.34,25.38,9298,"United States",34863,64266,"5625.14",286,202116,0.91
"122","2021","16",2021-04-23,"Joseph R. Biden Jr.",53.751111,39.913626,222322230,137234889,91175995,3374587,2862758,66.1,40.8,27.11,8512,"United States",63853,58121,"5435.71",286,202116,0.91
"123","2021","16",2021-04-20,"Joseph R. Biden Jr.",53.455244,40.625908,213388238,133266995,86223506,1806929,3015065,63.45,39.62,25.64,8965,"United States",61254,62343,"5607.29",286,202116,0.91
"124","2021","16",2021-04-21,"Joseph R. Biden Jr.",53.431994,40.051306,215951909,134445595,87592646,2563671,3022868,64.21,39.97,26.04,8988,"United States",64443,61056,"5580.71",286,202116,0.91
"125","2021","16",2021-04-22,"Joseph R. Biden Jr.",53.266932,40.234692,218947643,135791031,89245776,2995734,2947229,65.1,40.37,26.54,8763,"United States",60971,59112,"5536.14",286,202116,0.91
"126","2021","16",2021-04-24,"Joseph R. Biden Jr.",53.751111,39.913626,225640460,138644724,93078040,3318230,2824078,67.09,41.22,27.68,8397,"United States",51747,54993,"5324.14",286,202116,0.91
"127","2021","16",2021-04-25,"Joseph R. Biden Jr.",54.544937,40.643662,228661408,139978480,94772329,3020948,2750656,67.99,41.62,28.18,8179,"United States",39681,53830,"5228.86",286,202116,0.91
"128","2021","17",2021-04-29,"Joseph R. Biden Jr.",53.761107,41.540675,237360493,143793565,99668945,2721079,2630407,70.57,42.75,29.63,7821,"United States",56628,51445,"4917.14",277,202117,0.76
"129","2021","17",2021-04-26,"Joseph R. Biden Jr.",54.455284,40.876175,230768454,140969663,95888088,2107046,2741021,68.61,41.91,28.51,8150,"United States",39682,54518,"5143.14",277,202117,0.76
"130","2021","17",2021-04-27,"Joseph R. Biden Jr.",54.382766,41.340155,232407669,141751857,96747454,1639215,2717062,69.1,42.15,28.77,8079,"United States",52433,53258,"5069.57",277,202117,0.76
"131","2021","17",2021-04-28,"Joseph R. Biden Jr.",53.971838,41.695633,234639414,142692987,98044421,2231745,2669644,69.77,42.43,29.15,7938,"United States",56095,52066,"4983.43",277,202117,0.76
"132","2021","17",2021-04-30,"Joseph R. Biden Jr.",53.914535,41.374227,240159677,144894586,101407318,2799184,2548207,71.41,43.08,30.15,7577,"United States",54935,50171,"4882.86",277,202117,0.76
"133","2021","17",2021-05-01,"Joseph R. Biden Jr.",53.980431,41.137176,243463471,146239208,103422555,3303794,2546144,72.39,43.48,30.75,7570,"United States",47230,49526,"4803.57",277,202117,0.76
"134","2021","17",2021-05-02,"Joseph R. Biden Jr.",53.980431,41.137176,245591469,147047012,104774652,2127998,2418580,73.02,43.72,31.15,7191,"United States",35408,48915,"4733.57",277,202117,0.76
"135","2021","18",2021-05-03,"Joseph R. Biden Jr.",53.49088,39.953578,246780203,147517734,105523520,1188734,2287393,73.38,43.86,31.38,6801,"United States",33518,48035,"4699.71",358,202118,0.94
"136","2021","18",2021-05-04,"Joseph R. Biden Jr.",53.549666,40.012343,247769049,147894671,106168588,988846,2194483,73.67,43.97,31.57,6525,"United States",44480,46899,"4625.86",358,202118,0.94
"137","2021","18",2021-05-05,"Joseph R. Biden Jr.",53.27999,40.113415,249566820,148562891,107346533,1797771,2132487,74.2,44.17,31.92,6341,"United States",45577,45396,"4554.43",358,202118,0.94
"138","2021","18",2021-05-06,"Joseph R. Biden Jr.",53.368107,40.047005,251973752,149462265,108926627,2406932,2087608,74.92,44.44,32.39,6207,"United States",43021,43452,"4467.71",358,202118,0.94
"139","2021","18",2021-05-07,"Joseph R. Biden Jr.",53.494398,40.105339,254779333,150416559,110874920,2805581,2088522,75.75,44.72,32.97,6210,"United States",43681,41845,"4374.43",358,202118,0.94
"140","2021","18",2021-05-08,"Joseph R. Biden Jr.",53.494398,40.105339,257347205,151315505,112626771,2567872,1983391,76.52,44.99,33.49,5897,"United States",35822,40215,"4321",358,202118,0.94
"141","2021","18",2021-05-09,"Joseph R. Biden Jr.",53.494398,40.105339,259716989,152116936,114258244,2369784,2017931,77.22,45.23,33.97,6000,"United States",26292,38913,"4236.86",358,202118,0.94
"142","2021","19",2021-05-10,"Joseph R. Biden Jr.",54.076384,39.70373,261599381,152819904,115530780,1882392,2117025,77.78,45.44,34.35,6295,"United States",24827,37671,"4143.43",355,202119,0.73
"143","2021","19",2021-05-11,"Joseph R. Biden Jr.",54.020018,39.648582,263132561,153448316,116576359,1533180,2194787,78.24,45.63,34.66,6526,"United States",34557,36253,"4047.71",355,202119,0.73
"144","2021","19",2021-05-12,"Joseph R. Biden Jr.",52.792521,40.898533,264680844,153986312,117647439,1548283,2159146,78.7,45.79,34.98,6420,"United States",35387,34798,"3964.86",355,202119,0.73
"145","2021","19",2021-05-13,"Joseph R. Biden Jr.",52.940977,40.783846,266596486,154624231,118987308,1915642,2088962,79.27,45.97,35.38,6211,"United States",35589,33736,"3878.29",355,202119,0.73
"146","2021","19",2021-05-14,"Joseph R. Biden Jr.",52.794621,40.722719,268438666,155251852,120258637,1842180,1951333,79.82,46.16,35.76,5802,"United States",33460,32276,"3788.43",355,202119,0.73
"147","2021","19",2021-05-15,"Joseph R. Biden Jr.",52.794621,40.722719,270832342,156217367,121768268,2393676,1926448,80.53,46.45,36.21,5728,"United States",28507,31231,"3698.14",355,202119,0.73
"148","2021","19",2021-05-16,"Joseph R. Biden Jr.",52.794621,40.722719,272925411,157132234,122999721,2093069,1886917,81.15,46.72,36.57,5610,"United States",20490,30402,"3631.86",355,202119,0.73
"149","2021","20",2021-05-17,"Joseph R. Biden Jr.",52.766378,40.728347,274411901,157827208,123828224,1486490,1830360,81.59,46.93,36.82,5442,"United States",19895,29697,"3548.43",349,202120,0.93
"150","2021","20",2021-05-18,"Joseph R. Biden Jr.",52.722626,40.723925,275535207,158365411,124455693,1123306,1771807,81.93,47.09,37,5268,"United States",28744,28867,"3472",349,202120,0.93
"151","2021","20",2021-05-19,"Joseph R. Biden Jr.",52.913053,41.056014,277290173,159174963,125453423,1754966,1801333,82.45,47.33,37.3,5356,"United States",28152,27833,"3413.86",349,202120,0.93
"152","2021","20",2021-05-20,"Joseph R. Biden Jr.",52.932221,40.927904,279397250,160177820,126605166,2107077,1828681,83.07,47.63,37.64,5437,"United States",27456,26672,"3341.14",349,202120,0.93
"153","2021","20",2021-05-21,"Joseph R. Biden Jr.",54.185913,40.544004,281595351,161278336,127778250,2198101,1879526,83.73,47.95,37.99,5588,"United States",27789,25861,"3279.57",349,202120,0.93
"154","2021","20",2021-05-22,"Joseph R. Biden Jr.",54.186699,40.545142,283941223,162470794,129006463,2345872,1872697,84.42,48.31,38.36,5568,"United States",21532,24865,"3235",349,202120,0.93
"155","2021","20",2021-05-23,"Joseph R. Biden Jr.",54.186699,40.545142,285720586,163309414,130014175,1779363,1827882,84.95,48.56,38.66,5435,"United States",15108,24096,"3208.86",349,202120,0.93
"156","2021","21",2021-05-24,"Joseph R. Biden Jr.",54.334964,40.323921,286890900,163907827,130615797,1170314,1782714,85.3,48.73,38.84,5301,"United States",15916,23528,"3181",351,202121,0.68
"157","2021","21",2021-05-25,"Joseph R. Biden Jr.",54.65748,40.22551,287788872,164378258,131078608,897972,1750524,85.57,48.87,38.97,5205,"United States",24162,22873,"3132.29",351,202121,0.68
"158","2021","21",2021-05-29,"Joseph R. Biden Jr.",53.580561,40.832753,293705050,167157043,134418748,1605272,1394832,87.33,49.7,39.97,4147,"United States",15576,19492,"2864.71",351,202121,0.68
"159","2021","21",2021-05-26,"Joseph R. Biden Jr.",54.320504,40.268356,289212304,165074907,131850089,1423432,1703162,85.99,49.08,39.2,5064,"United States",23609,22224,"3059.57",351,202121,0.68
"160","2021","21",2021-05-27,"Joseph R. Biden Jr.",53.939184,40.718851,290724607,165718717,132769894,1512303,1618194,86.44,49.27,39.48,4811,"United States",21753,21409,"3024.86",351,202121,0.68
"161","2021","21",2021-05-28,"Joseph R. Biden Jr.",53.580561,40.832753,292099778,166388129,133532544,1375171,1500632,86.85,49.47,39.7,4462,"United States",20325,20343,"2955.71",351,202121,0.68
"162","2021","21",2021-05-30,"Joseph R. Biden Jr.",53.580561,40.832753,294928850,167733972,135087319,1223800,1315466,87.69,49.87,40.17,3911,"United States",11668,19001,"2786.71",351,202121,0.68
"163","2021","22",2021-06-02,"Joseph R. Biden Jr.",53.362852,40.100893,296912892,168734435,136155250,508652,1100084,88.28,50.17,40.48,3271,"United States",16755,14904,"2506.43",348,202122,0.5
"164","2021","22",2021-05-31,"Joseph R. Biden Jr.",53.580561,40.832753,NA,NA,NA,NA,1253664,NA,NA,NA,3728,"United States",9010,18014,"2700.29",348,202122,0.5
"165","2021","22",2021-06-01,"Joseph R. Biden Jr.",53.67661,39.797097,296404240,168489729,135867425,NA,1230767,88.13,50.1,40.4,3659,"United States",9243,15883,"2562.29",348,202122,0.5
"166","2021","22",2021-06-06,"Joseph R. Biden Jr.",53.408043,40.383448,301638578,170833221,138969323,1369848,958533,89.69,50.79,41.32,2850,"United States",10767,13913,"2292",348,202122,0.5
"167","2021","22",2021-06-03,"Joseph R. Biden Jr.",53.191199,40.474662,297720928,169090262,136644618,808036,999474,88.52,50.28,40.63,2972,"United States",18819,14485,"2432.71",348,202122,0.5
"168","2021","22",2021-06-04,"Joseph R. Biden Jr.",53.408043,40.383448,299120522,169735441,137455367,1399594,1002963,88.94,50.47,40.87,2982,"United States",18359,14204,"2379.29",348,202122,0.5
"169","2021","22",2021-06-05,"Joseph R. Biden Jr.",53.408043,40.383448,300268730,170272150,138112702,1148208,937669,89.28,50.63,41.07,2788,"United States",14444,14042,"2337",348,202122,0.5
"170","2021","23",2021-06-08,"Joseph R. Biden Jr.",53.144832,40.531937,303923667,171731584,140441957,1071750,1074204,90.37,51.06,41.76,3194,"United States",14390,14820,"2260.86",430,202123,0.57
"171","2021","23",2021-06-07,"Joseph R. Biden Jr.",53.277751,40.429315,302851917,171310738,139748661,1213339,1026482,90.05,50.94,41.55,3052,"United States",10210,14085,"2251.71",430,202123,0.57
"172","2021","23",2021-06-09,"Joseph R. Biden Jr.",53.06611,40.573357,304753476,172054276,140980110,829809,1120083,90.61,51.16,41.92,3330,"United States",19188,15168,"2198.57",430,202123,0.57
"173","2021","23",2021-06-10,"Joseph R. Biden Jr.",52.991645,40.64205,305687618,172423605,141583252,934142,1138099,90.89,51.27,42.1,3384,"United States",16237,14799,"2157.14",430,202123,0.57
"174","2021","23",2021-06-11,"Joseph R. Biden Jr.",53.186096,40.655173,306509795,172758350,142095530,822177,1055610,91.14,51.37,42.25,3139,"United States",13729,14137,"2123.43",430,202123,0.57
"175","2021","23",2021-06-12,"Joseph R. Biden Jr.",53.186096,40.655173,308112728,173391711,143119077,1602933,1120571,91.61,51.55,42.55,3332,"United States",11977,13785,"2085.14",430,202123,0.57
"176","2021","23",2021-06-13,"Joseph R. Biden Jr.",53.186096,40.655173,309322545,173840483,143921222,1209817,1097710,91.97,51.69,42.79,3264,"United States",8424,13450,"2066.14",430,202123,0.57
"177","2021","24",2021-06-14,"Joseph R. Biden Jr.",53.112947,40.803505,310645827,174234573,144919339,1323282,1113416,92.36,51.81,43.09,3311,"United States",8391,13190,"2049.57",434,202124,0.64
"178","2021","24",2021-06-15,"Joseph R. Biden Jr.",52.95932,41.179657,311886674,174674144,145768367,1240847,1137572,92.73,51.94,43.34,3382,"United States",13139,13012,"2003.43",434,202124,0.64
"179","2021","24",2021-06-16,"Joseph R. Biden Jr.",51.939883,41.985094,312915170,175053401,146456124,1028496,1165956,93.04,52.05,43.55,3467,"United States",13530,12203,"1979.86",434,202124,0.64
"180","2021","24",2021-06-17,"Joseph R. Biden Jr.",51.680343,42.453913,314969386,175867860,147758585,2054216,1325967,93.65,52.29,43.93,3943,"United States",13445,11805,"1943.86",434,202124,0.64
"181","2021","24",2021-06-18,"Joseph R. Biden Jr.",51.760901,42.439348,316048776,176290249,148459003,1079390,1362712,93.97,52.42,44.14,4052,"United States",11726,11518,"1924",434,202124,0.64
"182","2021","24",2021-06-19,"Joseph R. Biden Jr.",51.760901,42.439348,317117797,176737141,149125164,1069021,1286438,94.29,52.55,44.34,3825,"United States",12193,11549,"1899.71",434,202124,0.64
"183","2021","24",2021-06-20,"Joseph R. Biden Jr.",51.760901,42.439348,317966408,177088290,149667646,848611,1234838,94.54,52.65,44.5,3672,"United States",8886,11615,"1869.57",434,202124,0.64
"184","2021","25",2021-06-21,"Joseph R. Biden Jr.",51.666885,42.609325,318576441,177342954,150046006,610033,1132945,94.72,52.73,44.61,3369,"United States",8518,11633,"1848.57",423,202125,0
"185","2021","25",2021-06-22,"Joseph R. Biden Jr.",51.763069,42.558624,319223844,177635067,150424675,647403,1048167,94.92,52.82,44.73,3117,"United States",13921,11745,"1852.71",423,202125,0
"186","2021","25",2021-06-23,"Joseph R. Biden Jr.",52.301904,42.363,319872053,177948892,150787303,648209,993840,95.11,52.91,44.83,2955,"United States",14437,11875,"1842",423,202125,0
"187","2021","25",2021-06-24,"Joseph R. Biden Jr.",52.633511,42.132695,320687205,178331677,151252034,815152,816831,95.35,53.02,44.97,2429,"United States",15410,12155,"1847.43",423,202125,0
"188","2021","25",2021-06-25,"Joseph R. Biden Jr.",52.652664,42.12299,321199379,178491147,151615554,512174,735800,95.5,53.07,45.08,2188,"United States",14327,12527,"1823.71",423,202125,0
"189","2021","25",2021-06-26,"Joseph R. Biden Jr.",52.700349,41.799124,322123103,178873816,152184243,923724,715044,95.78,53.18,45.25,2126,"United States",12862,12623,"1831.86",423,202125,0
"190","2021","25",2021-06-27,"Joseph R. Biden Jr.",52.700349,41.799124,323327328,179261269,153028665,1204225,765846,96.14,53.3,45.5,2277,"United States",9619,12727,"1845.14",423,202125,0
"191","2021","26",2021-06-28,"Joseph R. Biden Jr.",52.678675,41.886426,324414371,179615165,153776118,1087043,833990,96.46,53.41,45.72,2480,"United States",10878,13064,"1866.86",421,202126,0
"192","2021","26",2021-06-29,"Joseph R. Biden Jr.",52.711431,41.905134,325152847,179940202,154199664,738476,847000,96.68,53.5,45.85,2518,"United States",16482,13430,"1877.14",421,202126,0
"193","2021","26",2021-06-30,"Joseph R. Biden Jr.",52.124295,42.24044,326521526,180674739,154884686,1368679,949925,97.09,53.72,46.05,2824,"United States",17894,13924,"1902.29",421,202126,0
"194","2021","26",2021-07-01,"Joseph R. Biden Jr.",52.014152,42.289261,328152304,181339416,155884601,1630778,1066443,97.57,53.92,46.35,3171,"United States",18961,14431,"1917",421,202126,0
"195","2021","26",2021-07-02,"Joseph R. Biden Jr.",52.105449,42.343048,328809470,181650678,156255896,657166,1087156,97.77,54.01,46.46,3232,"United States",17357,14864,"1980.14",421,202126,0
"196","2021","26",2021-07-03,"Joseph R. Biden Jr.",52.105449,42.343048,329970551,182109860,156982549,1161081,1121064,98.11,54.15,46.68,3333,"United States",15304,15213,"2010.86",421,202126,0
"197","2021","26",2021-07-04,"Joseph R. Biden Jr.",51.875099,42.330217,330604253,182412776,157323738,633702,1039561,98.3,54.24,46.78,3091,"United States",12495,15624,"2038.86",421,202126,0
"198","2021","27",2021-07-07,"Joseph R. Biden Jr.",51.83027,42.083952,331651464,182896080,157908171,437117,732848,98.61,54.38,46.95,2179,"United States",24667,16689,"2169.14",NA,NA,NA
"199","2021","27",2021-07-08,"Joseph R. Biden Jr.",51.61698,42.274762,332345797,183237046,158287566,694333,599070,98.82,54.48,47.06,1781,"United States",30696,18366,"2242.71",NA,NA,NA
"200","2021","27",2021-07-09,"Joseph R. Biden Jr.",51.612871,42.26235,332966409,183542871,158629431,620612,593848,99,54.57,47.17,1766,"United States",29325,20076,"2303.86",NA,NA,NA
"201","2021","27",2021-07-10,"Joseph R. Biden Jr.",51.612871,42.26235,333565404,183836917,158954417,598995,513550,99.18,54.66,47.26,1527,"United States",24383,21373,"2400.86",NA,NA,NA
"202","2021","27",2021-07-11,"Joseph R. Biden Jr.",51.612871,42.26235,334151648,184132768,159266536,586244,506771,99.35,54.75,47.35,1507,"United States",20648,22537,"2498.14",NA,NA,NA
"203","2021","27",2021-07-05,"Joseph R. Biden Jr.",51.875099,42.330217,NA,NA,NA,NA,927847,NA,NA,NA,2759,"United States",11149,15663,"2065.43",NA,NA,NA
"204","2021","27",2021-07-06,"Joseph R. Biden Jr.",51.506595,42.079597,331214347,182714064,157636088,NA,865929,98.48,54.33,46.87,2575,"United States",16896,15722,"2096.14",NA,NA,NA
"205","2021","28",2021-07-12,"Joseph R. Biden Jr.",51.555196,42.219265,334600770,184365333,159499224,449122,527353,99.49,54.82,47.42,1568,"United States",24442,24436,"2611.71",NA,NA,NA
"206","2021","28",2021-07-13,"Joseph R. Biden Jr.",51.556072,42.227539,334942236,184543821,159675163,341466,532556,99.59,54.87,47.48,1583,"United States",35888,27149,"2754.29",NA,NA,NA
"207","2021","28",2021-07-14,"Joseph R. Biden Jr.",51.183399,42.560227,335487779,184835149,160126516,545543,548045,99.75,54.96,47.61,1630,"United States",41202,29512,"2839.86",NA,NA,NA
"208","2021","28",2021-07-15,"Joseph R. Biden Jr.",51.099852,42.571037,336054953,185135757,160408538,567174,529879,99.92,55.05,47.69,1575,"United States",42871,31251,"2965.71",NA,NA,NA
"209","2021","28",2021-07-16,"Joseph R. Biden Jr.",51.209837,42.538023,336604158,185424899,160686378,549205,519678,100.08,55.13,47.78,1545,"United States",43946,33340,"3100.29",NA,NA,NA
"210","2021","28",2021-07-17,"Joseph R. Biden Jr.",51.209837,42.538023,337239448,185765452,160994035,635290,524863,100.27,55.23,47.87,1561,"United States",37862,35265,"3240.43",NA,NA,NA
"211","2021","28",2021-07-18,"Joseph R. Biden Jr.",52.423018,42.533135,337740358,186038501,161232483,500910,512673,100.42,55.32,47.94,1524,"United States",34924,37305,"3379.71",NA,NA,NA
"212","2021","29",2021-07-19,"Joseph R. Biden Jr.",52.452551,42.470547,338247434,186317651,161473715,507076,520952,100.57,55.4,48.01,1549,"United States",37654,39192,"3543.57",NA,NA,NA
"213","2021","29",2021-07-23,"Joseph R. Biden Jr.",52.393667,42.728752,340363922,187579557,162435276,600157,537109,101.2,55.77,48.3,1597,"United States",70211,52989,"4439.29",NA,NA,NA
"214","2021","29",2021-07-24,"Joseph R. Biden Jr.",52.393667,42.728752,341039972,187982826,162725812,676050,542932,101.4,55.89,48.38,1614,"United States",61584,56378,"4691",NA,NA,NA
"215","2021","29",2021-07-25,"Joseph R. Biden Jr.",52.393667,42.728752,341818968,188472188,163025726,778996,582659,101.63,56.04,48.47,1732,"United States",51945,58810,"4943.57",NA,NA,NA
"216","2021","29",2021-07-20,"Joseph R. Biden Jr.",52.331278,42.470673,338491374,186474836,161631676,243940,507020,100.64,55.44,48.06,1508,"United States",53311,41681,"3741.14",NA,NA,NA
"217","2021","29",2021-07-21,"Joseph R. Biden Jr.",52.102192,42.602615,339102867,186819440,161895045,611493,516441,100.83,55.55,48.14,1536,"United States",65663,45175,"3954.86",NA,NA,NA
"218","2021","29",2021-07-22,"Joseph R. Biden Jr.",52.309477,42.665399,339763765,187216168,162174165,660898,529830,101.02,55.67,48.22,1575,"United States",71302,49237,"4205.57",NA,NA,NA
"219","2021","30",2021-07-26,"Joseph R. Biden Jr.",52.710312,42.740475,342212051,188729282,163173366,393083,566374,101.75,56.12,48.52,1684,"United States",58108,61732,"5209.43",NA,NA,NA
"220","2021","30",2021-07-27,"Joseph R. Biden Jr.",52.550923,42.889833,342607540,188996475,163312474,395489,588024,101.87,56.19,48.56,1748,"United States",87616,66632,"5508.57",NA,NA,NA
"221","2021","30",2021-07-28,"Joseph R. Biden Jr.",51.897702,43.190428,343361524,189494180,163588042,753984,608380,102.09,56.34,48.64,1809,"United States",96177,70991,"5832",NA,NA,NA
"222","2021","30",2021-07-29,"Joseph R. Biden Jr.",51.509736,43.386249,344071595,189945907,163868916,710071,615404,102.3,56.48,48.72,1830,"United States",100649,75184,"6107",NA,NA,NA
"223","2021","30",2021-07-30,"Joseph R. Biden Jr.",51.479707,43.408838,344928514,190509183,164184080,856919,652085,102.56,56.64,48.82,1939,"United States",108048,80589,"6473.14",NA,NA,NA
"224","2021","30",2021-07-31,"Joseph R. Biden Jr.",51.479707,43.408838,345640466,190982149,164446964,711952,657213,102.77,56.79,48.9,1954,"United States",93240,85111,"6817.71",NA,NA,NA
"225","2021","30",2021-08-01,"Joseph R. Biden Jr.",51.479707,43.408838,346456669,191498983,164757423,816203,662529,103.01,56.94,48.99,1970,"United States",74674,88358,"7104.71",NA,NA,NA
"226","2021","31",2021-08-02,"Joseph R. Biden Jr.",51.061154,42.389231,346924345,191818585,164919666,467676,673185,103.15,57.03,49.04,2002,"United States",81546,91707,"7394.57",NA,NA,NA
"227","2021","31",2021-08-03,"Joseph R. Biden Jr.",50.893504,42.888056,347377149,192120576,165081416,452804,681373,103.29,57.12,49.08,2026,"United States",117460,95970,"7758",NA,NA,NA
"228","2021","31",2021-08-04,"Joseph R. Biden Jr.",50.578938,43.04428,348102478,192614017,165334987,725329,677279,103.5,57.27,49.16,2014,"United States",130628,100892,"8098.43",NA,NA,NA
"229","2021","31",2021-08-05,"Joseph R. Biden Jr.",50.214188,43.347257,348966419,193199353,165637566,863941,699261,103.76,57.44,49.25,2079,"United States",131935,105361,"8464.29",NA,NA,NA
"230","2021","31",2021-08-06,"Joseph R. Biden Jr.",50.249033,43.298557,349787479,193764457,165918256,821060,694138,104,57.61,49.33,2064,"United States",126683,108023,"8774.71",NA,NA,NA
"231","2021","31",2021-08-07,"Joseph R. Biden Jr.",50.249033,43.298557,350627188,194346486,166203176,839709,712389,104.25,57.79,49.42,2118,"United States",122211,112162,"9073.86",NA,NA,NA
"232","2021","31",2021-08-08,"Joseph R. Biden Jr.",50.249033,43.298557,351400930,194866738,166477481,773742,706323,104.48,57.94,49.5,2100,"United States",94240,114957,"9402.43",NA,NA,NA
"233","2021","32",2021-08-09,"Joseph R. Biden Jr.",50.393092,43.343625,351933175,195222906,166654374,532245,715547,104.64,58.05,49.55,2128,"United States",96205,117051,"9716.86",NA,NA,NA
"234","2021","32",2021-08-10,"Joseph R. Biden Jr.",50.427115,43.13754,352550944,195646711,166861912,617769,739114,104.82,58.17,49.61,2198,"United States",143167,120724,"10019.71",NA,NA,NA
"235","2021","32",2021-08-11,"Joseph R. Biden Jr.",50.321962,43.299098,353205544,196077952,167105507,654600,729009,105.02,58.3,49.69,2168,"United States",154497,124134,"10332",NA,NA,NA
"236","2021","32",2021-08-12,"Joseph R. Biden Jr.",50.192013,43.486221,353859894,196505543,167354729,654350,699068,105.21,58.43,49.76,2079,"United States",157206,127744,"10636.43",NA,NA,NA
"237","2021","32",2021-08-13,"Joseph R. Biden Jr.",49.966687,43.754522,354777950,197081471,167699170,918056,712924,105.49,58.6,49.86,2120,"United States",149814,131048,"10890",NA,NA,NA
"238","2021","32",2021-08-14,"Joseph R. Biden Jr.",49.966687,43.754522,355768825,197685048,168090925,990875,734520,105.78,58.78,49.98,2184,"United States",138610,133391,"11116.14",NA,NA,NA
"239","2021","32",2021-08-15,"Joseph R. Biden Jr.",49.966687,43.754522,356433665,198088722,168362058,664840,718962,105.98,58.9,50.06,2138,"United States",108243,135391,"11251.71",NA,NA,NA
"240","2021","33",2021-08-16,"Joseph R. Biden Jr.",49.928948,43.990931,357292057,198595349,168689357,858392,765555,106.23,59.05,50.16,2276,"United States",112018,137650,"11403.14",NA,NA,NA
"241","2021","33",2021-08-17,"Joseph R. Biden Jr.",49.75954,44.025428,357894995,198929642,168897604,602938,763436,106.41,59.15,50.22,2270,"United States",159934,140046,"11582.71",NA,NA,NA
"242","2021","33",2021-08-18,"Joseph R. Biden Jr.",49.329073,44.468648,358599835,199325940,169186268,704840,770613,106.62,59.27,50.3,2291,"United States",177535,143337,"11742.86",NA,NA,NA
"243","2021","33",2021-08-19,"Joseph R. Biden Jr.",49.105388,44.540729,359623380,199887548,169592873,1023545,823355,106.93,59.43,50.43,2448,"United States",168794,144992,"11846",NA,NA,NA
"244","2021","33",2021-08-20,"Joseph R. Biden Jr.",48.943483,45.242046,360634287,200421787,169998983,1010907,836620,107.23,59.59,50.55,2488,"United States",167406,147505,"11942.86",NA,NA,NA
"245","2021","33",2021-08-21,"Joseph R. Biden Jr.",49.017734,45.458707,361684564,200947556,170406785,1050277,845106,107.54,59.75,50.67,2513,"United States",144359,148327,"12042.29",NA,NA,NA
"246","2021","33",2021-08-22,"Joseph R. Biden Jr.",49.376494,46.239613,362657771,201425785,170821621,973207,889158,107.83,59.89,50.79,2644,"United States",119260,149900,"12173.43",NA,NA,NA
"247","2021","34",2021-08-23,"Joseph R. Biden Jr.",48.490917,45.947502,363267789,201718587,171088954,610018,853676,108.01,59.98,50.87,2538,"United States",120116,151057,"12237.43",NA,NA,NA
"248","2021","34",2021-08-24,"Joseph R. Biden Jr.",47.639288,47.004348,363915792,202041893,171367657,648003,860114,108.2,60.07,50.95,2557,"United States",175088,153222,"12278.43",NA,NA,NA
"249","2021","34",2021-08-25,"Joseph R. Biden Jr.",47.592926,46.935481,364842701,202500853,171773370,926909,891838,108.48,60.21,51.07,2652,"United States",190828,155121,"12264.71",NA,NA,NA
"250","2021","34",2021-08-26,"Joseph R. Biden Jr.",47.183967,47.042779,365767674,202961676,172171009,924973,877756,108.75,60.35,51.19,2610,"United States",187528,157797,"12313",NA,NA,NA
"251","2021","34",2021-08-27,"Joseph R. Biden Jr.",47.240472,46.945667,366838484,203475192,172646952,1070810,886314,109.07,60.5,51.33,2635,"United States",183452,160090,"12330.43",NA,NA,NA
"252","2021","34",2021-08-28,"Joseph R. Biden Jr.",47.240472,46.945667,367911870,203992008,173101292,1073386,889615,109.39,60.65,51.47,2645,"United States",147895,160595,"12304.57",NA,NA,NA
"253","2021","34",2021-08-29,"Joseph R. Biden Jr.",47.240472,46.945667,368863734,204435968,173520211,951864,886566,109.67,60.79,51.59,2636,"United States",113108,159716,"12253.86",NA,NA,NA
"254","2021","35",2021-09-01,"Joseph R. Biden Jr.",46.652693,47.610505,371280129,205527578,174600017,1068102,919633,110.39,61.11,51.91,2734,"United States",191720,161484,"12262.29",NA,NA,NA
"255","2021","35",2021-09-02,"Joseph R. Biden Jr.",46.20802,47.994992,372116617,205911640,174973937,836488,906992,110.64,61.22,52.03,2697,"United States",182763,160803,"12231.71",NA,NA,NA
"256","2021","35",2021-09-03,"Joseph R. Biden Jr.",45.924771,48.43587,373516809,206461869,175538025,1400192,954046,111.06,61.39,52.19,2837,"United States",183968,160877,"12127.43",NA,NA,NA
"257","2021","35",2021-09-04,"Joseph R. Biden Jr.",45.923564,48.436024,374488924,206908710,175968266,972115,939579,111.35,61.52,52.32,2794,"United States",143746,160284,"12103.29",NA,NA,NA
"258","2021","35",2021-09-05,"Joseph R. Biden Jr.",45.923564,48.436024,NA,NA,NA,NA,875334,NA,NA,NA,2603,"United States",111875,160108,"12072.14",NA,NA,NA
"259","2021","35",2021-08-31,"Joseph R. Biden Jr.",46.975274,47.648146,370212027,205026070,174121529,655116,899462,110.08,60.96,51.77,2674,"United States",180542,161356,"12210.71",NA,NA,NA
"260","2021","35",2021-08-30,"Joseph R. Biden Jr.",47.216883,47.450365,369556911,204742648,173832202,693177,898446,109.88,60.88,51.69,2671,"United States",126144,160577,"12227.86",NA,NA,NA
"261","2021","36",2021-09-06,"Joseph R. Biden Jr.",46.090265,48.282367,NA,NA,NA,NA,848045,NA,NA,NA,2522,"United States",98177,156113,"12012",NA,NA,NA
"262","2021","36",2021-09-07,"Joseph R. Biden Jr.",45.337711,48.982899,375995378,207589611,176659496,NA,826193,111.8,61.72,52.53,2457,"United States",108753,145857,"11810.86",NA,NA,NA
"263","2021","36",2021-09-08,"Joseph R. Biden Jr.",44.966509,49.06457,376955132,208024209,177104652,959754,810715,112.08,61.85,52.66,2411,"United States",181165,144349,"11734.43",NA,NA,NA
"264","2021","36",2021-09-09,"Joseph R. Biden Jr.",45.215821,47.901315,377622065,208305270,177433044,666933,786493,112.28,61.94,52.76,2338,"United States",190899,145511,"11665.14",NA,NA,NA
"265","2021","36",2021-09-10,"Joseph R. Biden Jr.",45.83798,48.621672,378569717,208704230,177899458,947652,721844,112.56,62.05,52.9,2146,"United States",171347,143708,"11638.43",NA,NA,NA
"266","2021","36",2021-09-11,"Joseph R. Biden Jr.",45.836712,48.626306,379472220,209099300,178328389,902503,711899,112.83,62.17,53.02,2117,"United States",138763,142997,"11528.43",NA,NA,NA
"267","2021","36",2021-09-12,"Joseph R. Biden Jr.",45.836712,48.626306,380241903,209437152,178692875,769683,750118,113.06,62.27,53.13,2230,"United States",104552,141950,"11399.86",NA,NA,NA
"268","2021","37",2021-09-13,"Joseph R. Biden Jr.",46.124809,49.026556,380831725,209701005,178982950,589822,762643,113.23,62.35,53.22,2268,"United States",112528,144001,"11292.57",NA,NA,NA
"269","2021","37",2021-09-14,"Joseph R. Biden Jr.",45.891477,49.2009,381453265,209982936,179289983,621540,779698,113.42,62.43,53.31,2318,"United States",160165,151345,"11251.14",NA,NA,NA
"270","2021","37",2021-09-15,"Joseph R. Biden Jr.",45.997007,49.304687,382294795,210361099,179695287,841530,762809,113.67,62.55,53.43,2268,"United States",163169,148774,"11021.71",NA,NA,NA
"271","2021","37",2021-09-16,"Joseph R. Biden Jr.",45.688091,48.77947,383038403,210700361,180086143,743608,773763,113.89,62.65,53.55,2301,"United States",161143,144523,"10823",NA,NA,NA
"272","2021","37",2021-09-17,"Joseph R. Biden Jr.",45.678538,48.812118,383994877,211097597,180572171,956474,775023,114.17,62.77,53.69,2304,"United States",151907,141746,"10600.43",NA,NA,NA
"273","2021","37",2021-09-18,"Joseph R. Biden Jr.",45.678538,48.812118,384911290,211489242,181035022,916413,777010,114.45,62.88,53.83,2310,"United States",116949,138630,"10403.71",NA,NA,NA
"274","2021","37",2021-09-19,"Joseph R. Biden Jr.",46.080748,48.786769,385586012,211776515,181382976,674722,763444,114.65,62.97,53.93,2270,"United States",89750,136515,"10210.57",NA,NA,NA
"275","2021","38",2021-09-20,"Joseph R. Biden Jr.",46.004901,49.171275,386237881,212035328,181728072,651869,772308,114.84,63.04,54.03,2296,"United States",91324,133486,"9985.71",NA,NA,NA
"276","2021","38",2021-09-21,"Joseph R. Biden Jr.",46.508264,48.922556,386780816,212255202,182012343,542935,761079,115,63.11,54.12,2263,"United States",130144,129198,"9786.29",NA,NA,NA
"277","2021","38",2021-09-22,"Joseph R. Biden Jr.",46.327145,48.953062,387493716,212545360,182387840,712900,742703,115.21,63.2,54.23,2208,"United States",127100,124045,"9595.71",NA,NA,NA
"278","2021","38",2021-09-25,"Joseph R. Biden Jr.",45.634022,49.03955,389372689,213177462,183353326,805580,637343,115.77,63.38,54.52,1895,"United States",98375,113558,"8930.71",NA,NA,NA
"279","2021","38",2021-09-26,"Joseph R. Biden Jr.",45.634022,49.03955,390114328,213456787,183670870,741639,646902,115.99,63.47,54.61,1923,"United States",82807,112566,"8738.57",NA,NA,NA
"280","2021","38",2021-09-23,"Joseph R. Biden Jr.",45.786628,48.709127,387821704,212564346,182587334,327988,683329,115.31,63.2,54.29,2032,"United States",129460,119519,"9351.86",NA,NA,NA
"281","2021","38",2021-09-24,"Joseph R. Biden Jr.",45.633941,49.03937,388567109,212861380,182958696,745405,653176,115.53,63.29,54.4,1942,"United States",128753,116211,"9149.57",NA,NA,NA
"282","2021","39",2021-09-27,"Joseph R. Biden Jr.",45.278279,48.821859,390664923,213657193,183888907,550595,632435,116.16,63.53,54.68,1880,"United States",86322,111851,"8554",NA,NA,NA
"283","2021","39",2021-09-28,"Joseph R. Biden Jr.",45.300747,48.891268,NA,NA,NA,NA,649711,NA,NA,NA,1932,"United States",111601,109202,"8370.57",NA,NA,NA
"284","2021","39",2021-09-29,"Joseph R. Biden Jr.",44.927912,48.967056,391992662,214043376,184335263,NA,642707,116.55,63.64,54.81,1911,"United States",117329,107806,"8166.57",NA,NA,NA
"285","2021","39",2021-09-30,"Joseph R. Biden Jr.",44.877784,48.686749,392909995,214332261,184601450,917333,726899,116.82,63.73,54.89,2161,"United States",116762,105992,"7974.71",NA,NA,NA
"286","2021","39",2021-10-01,"Joseph R. Biden Jr.",44.972914,48.700901,393756866,214597690,184852416,846871,741394,117.08,63.81,54.96,2204,"United States",117410,104372,"7806.43",NA,NA,NA
"287","2021","39",2021-10-02,"Joseph R. Biden Jr.",44.972914,48.700901,394690283,214870696,185143698,933417,759656,117.35,63.89,55.05,2259,"United States",81126,101908,"7626.29",NA,NA,NA
"288","2021","39",2021-10-03,"Joseph R. Biden Jr.",44.994972,48.881069,395934825,215233625,185492579,1244542,831500,117.72,64,55.15,2472,"United States",70013,100080,"7464.29",NA,NA,NA
"289","2021","40",2021-10-04,"Joseph R. Biden Jr.",44.817262,47.846172,396919564,215502382,185788098,984739,893520,118.02,64.08,55.24,2657,"United States",71127,97909,"null",NA,NA,NA
"290","2021","40",2021-10-05,"Joseph R. Biden Jr.",44.772521,47.96538,397718055,215737487,186060146,798491,912752,118.25,64.15,55.32,2714,NA,NA,NA,NA,NA,NA,NA
"291","2021","53",2021-01-01,"Donald Trump",42.569996,53.193613,NA,NA,NA,NA,302329,NA,NA,NA,899,"United States",217000,206009,"15338.29",NA,NA,NA
"292","2021","53",2021-01-02,"Donald Trump",42.569996,53.193613,4225756,4225756,NA,NA,325882,1.26,1.26,NA,969,"United States",202798,215044,"15591",NA,NA,NA
"293","2021","53",2021-01-03,"Donald Trump",42.569996,53.193613,NA,NA,NA,NA,336949,NA,NA,NA,1002,"United States",179121,223563,"15695.57",NA,NA,NA
