"","day","week","approve_estimate","disapprove_estimate","total_vaccinations","people_vaccinated","people_fully_vaccinated","daily_vaccinations","total_vaccinations_per_hundred","people_vaccinated_per_hundred","people_fully_vaccinated_per_hundred","daily_vaccinations_per_million","new_cases","new_hospital_cases","tweet_sentiment","approve_estimate_avg","disapprove_estimate_avg"
"1",1,1,42.569996,53.193613,4563260,4563260,1342086,348017,1.36,1.36,0.4,1035,197846,15740,"-0.1",42.2649265714286,53.5217387142857
"2",2,1,42.571273,53.215957,4836469,4836469,1342086,339372,1.44,1.44,0.4,1009,247769,15956.57,"-0.12",42.2649265714286,53.5217387142857
"3",3,1,42.759495,53.099187,5306797,5306797,1342086,358887,1.58,1.58,0.4,1067,295251,16082,"0.47",42.2649265714286,53.5217387142857
"4",4,1,42.378777,53.244454,5919418,5919418,1342086,378253,1.76,1.76,0.4,1125,288619,16127.86,"0.41",42.2649265714286,53.5217387142857
"5",5,1,41.858315,53.96632,6688231,6688231,1342086,419933,1.99,1.99,0.4,1249,293366,16258.86,"0.28",42.2649265714286,53.5217387142857
"6",6,1,41.858315,53.96632,7454594.66666667,7454594.66666667,1342086,461263,2.21666666666667,2.21666666666667,0.4,1371,245436,16489.29,"0.66",42.2649265714286,53.5217387142857
"7",7,1,41.858315,53.96632,8220958.33333333,8220958.33333333,1342086,546636,2.44333333333333,2.44333333333333,0.4,1625,207572,16297.43,"0.08",42.2649265714286,53.5217387142857
"8",8,2,40.746526,54.742086,8987322,8987322,1342086,632009,2.67,2.67,0.4,1879,190955,16153,"0.87",39.365218,56.5802707142857
"9",9,2,40.545568,55.247232,9327138,9327138,1342086,641524,2.77,2.77,0.4,1907,210291,15941.14,"1.15",39.365218,56.5802707142857
"10",10,2,40.01021,55.823384,10278462,9508947.5,1342086,710238,3.06,2.825,0.4,2112,240309,15758.43,"0.24",39.365218,56.5802707142857
"11",11,2,39.440439,56.287022,11148991,9690757,1342086,747082,3.31,2.88,0.4,2221,228306,15636.14,"-0.51",39.365218,56.5802707142857
"12",12,2,38.044537,58.034084,12279180,10595866,1610524,798707,3.65,3.15,0.48,2375,229537,15533.86,"0.82",39.365218,56.5802707142857
"13",13,2,38.044537,58.034084,13136282,11345850.25,2023124,811670,3.905,3.3725,0.6,2413,205082,15366.14,"0.71",39.365218,56.5802707142857
"14",14,2,38.724709,57.894003,13993384,12095834.5,2023124,824632,4.16,3.595,0.6,2452,163046,15208.86,"1.04",39.365218,56.5802707142857
"15",15,3,38.262011,58.148625,14850486,12845818.75,2023124,837595,4.415,3.8175,0.6,2490,140938,15050,"0.21",44.3973428,49.1023566
"16",16,3,39.158235,57.43205,15707588,13595803,2023124,911493,4.67,4.04,0.6,2710,147342,14753.43,"-0.68",44.3973428,49.1023566
"17",17,3,38.617868,57.852968,16525281,14270441,2161419,892403,4.91,4.24,0.64,2653,193540,14434.29,"0.23",44.3973428,49.1023566
"18",18,3,44.3973428,49.1023566,17546374,15053257,2394961,913912,5.22,4.48,0.71,2717,197335,14115.29,"1.07",44.3973428,49.1023566
"19",19,3,44.3973428,49.1023566,19107959,16243093,2756953,975540,5.68,4.83,0.82,2901,190771,13841.71,"0.79",44.3973428,49.1023566
"20",20,3,52.9743,36.03907,20537990,17390345,3027865,1057387,6.11,5.17,0.9,3144,163518,13532.43,"0.87",44.3973428,49.1023566
"21",21,3,52.9743,36.03907,21848655,18502131,3216836,1122182,6.5,5.5,0.96,3337,134627,13261.14,"0.17",44.3973428,49.1023566
"22",22,4,54.9925,37.27006,22734243,19252279,3346390,1126251,6.76,5.72,0.99,3349,121822,12945.71,"0.33",54.4021675714286,35.4571182857143
"23",23,4,54.281215,34.557801,27884661,22858318,4780888,1253815,8.29,6.8,1.42,3728,159703,11917.29,"0.89",54.4021675714286,35.4571182857143
"24",24,4,54.80725,37.49861,23540994,19902237,3481921,1119058,7,5.92,1.04,3327,146857,12768.43,"0.81",54.4021675714286,35.4571182857143
"25",25,4,53.949072,35.09413,24652634,20687970,3801053,1161050,7.33,6.15,1.13,3452,164116,12556.57,"0.2",54.4021675714286,35.4571182857143
"26",26,4,54.222706,34.663625,26193682,21698606,4263056,1235330,7.79,6.45,1.27,3673,157588,12332.71,"0.46",54.4021675714286,35.4571182857143
"27",27,4,54.281215,34.557801,29577902,24064165,5259693,1291416,8.79,7.16,1.56,3840,132175,11609,"0.79",54.4021675714286,35.4571182857143
"28",28,4,54.281215,34.557801,31123299,25201143,5657142,1324949,9.25,7.49,1.68,3939,102181,11355.57,"0.78",54.4021675714286,35.4571182857143
"29",29,5,53.156742,36.3333,41210937,31579100,9147185,1441091,12.25,9.39,2.72,4285,81908,9751.29,"0.05",53.2093882857143,35.4665944285714
"30",30,5,53.396059,34.003756,32222402,26023153,5927847,1355451,9.58,7.74,1.76,4030,123156,11154.43,"0.16",53.2093882857143,35.4665944285714
"31",31,5,53.192157,34.236291,32780860,26440836,6064792,1319981,9.75,7.86,1.8,3925,115399,10788.71,"-1.26",53.2093882857143,35.4665944285714
"32",32,5,52.652548,35.189123,33878254,27154956,6436931,1317946,10.07,8.07,1.91,3919,116525,10512.14,"0.32",53.2093882857143,35.4665944285714
"33",33,5,53.754728,35.837091,35203710,27905197,6926050,1287147,10.47,8.3,2.06,3827,123091,10285.43,"0.16",53.2093882857143,35.4665944285714
"34",34,5,53.156742,36.3333,36819212,28909497,7503864,1276364,10.95,8.6,2.23,3795,121834,10133.29,"0.3",53.2093882857143,35.4665944285714
"35",35,5,53.156742,36.3333,39037964,30250964,8317180,1351437,11.61,8.99,2.47,4018,105929,9954.57,"0.29",53.2093882857143,35.4665944285714
"36",36,6,53.093442,36.748001,42417617,32340146,9518015,1456459,12.61,9.62,2.83,4331,79091,9515.71,"0.62",54.2140885714286,37.0903495714286
"37",37,6,54.535052,36.935867,43206190,32867213,9840429,1489333,12.85,9.77,2.93,4428,92423,9295.14,"0.48",54.2140885714286,37.0903495714286
"38",38,6,54.289854,37.10473,44769970,33783384,10469514,1555959,13.31,10.04,3.11,4626,100323,9029.43,"0.88",54.2140885714286,37.0903495714286
"39",39,6,54.253095,37.14357,46390270,34723964,11188782,1598080,13.79,10.32,3.33,4752,97425,8704.57,"0.42",54.2140885714286,37.0903495714286
"40",40,6,54.441821,37.233365,48410558,35834855,12085830,1655907,14.39,10.65,3.59,4924,94495,8393.14,"0.56",54.2140885714286,37.0903495714286
"41",41,6,54.442678,37.233457,50641884,37056122,13082172,1657703,15.06,11.02,3.89,4929,80777,8078.29,"-0.65",54.2140885714286,37.0903495714286
"42",42,6,54.442678,37.233457,52884356,38292270,14077440,1667631,15.72,11.39,4.19,4958,62209,7788.43,"0.35",54.2140885714286,37.0903495714286
"43",43,7,54.567261,37.251158,54052360,38981410.5,15015434,1662106,16.07,11.595,4.46,4942,55513,7544.14,"-0.22",54.5248144285714,37.8019362857143
"44",44,7,54.841579,37.396302,55220364,39670551,15015434,1716311,16.42,11.8,4.46,5103,56835,7246.43,"0.83",54.5248144285714,37.8019362857143
"45",45,7,54.457794,37.774734,56281827,40268009,15471536,1644551,16.73,11.97,4.6,4890,66648,7050.43,"0.68",54.5248144285714,37.8019362857143
"46",46,7,54.449369,37.84585,57737767,41021049,16162358,1621071,17.17,12.2,4.81,4820,69485,6852.86,"0.24",54.5248144285714,37.8019362857143
"47",47,7,54.452566,38.11517,59585043,41977401,17039118,1596355,17.72,12.48,5.07,4746,69924,6680.57,"0.18",54.5248144285714,37.8019362857143
"48",48,7,54.452566,38.11517,61289500,42809595,17895667,1521088,18.22,12.73,5.32,4523,64113,6560.29,"0.05",54.5248144285714,37.8019362857143
"49",49,7,54.452566,38.11517,63090634,43628092,18865319,1458040,18.76,12.97,5.61,4335,52025,6527.57,"0.52",54.5248144285714,37.8019362857143
"50",50,8,54.732806,38.137972,64177474,44138118,19438495,1446445,19.08,13.12,5.78,4301,55176,6500.71,"1.35",54.4420827142857,38.2045147142857
"51",51,8,54.406798,38.048187,65032083,44544969,19882544,1401674,19.34,13.24,5.91,4168,71596,6461.14,"0.65",54.4420827142857,38.2045147142857
"52",52,8,54.264025,38.116707,66464947,45237143,20607261,1454731,19.76,13.45,6.13,4325,72355,6366.86,"0.5",54.4420827142857,38.2045147142857
"53",53,8,54.479157,38.20396,68274117,46074392,21555117,1505193,20.3,13.7,6.41,4475,69785,6257.71,"0.94",54.4420827142857,38.2045147142857
"54",54,8,54.403931,38.308259,70454064,47184199,22613359,1552717,20.95,14.03,6.72,4617,71144,6109.29,"0.31",54.4420827142857,38.2045147142857
"55",55,8,54.403931,38.308259,72806180,48435536,23698627,1645240,21.65,14.4,7.05,4892,65847,5934.57,"-0.05",54.4420827142857,38.2045147142857
"56",56,8,54.403931,38.308259,75236003,49772180,24779920,1735053,22.37,14.8,7.37,5159,48788,5801.86,"0.88",54.4420827142857,38.2045147142857
"57",57,9,53.922245,37.081727,76899987,50732997,25466405,1817502,22.86,15.08,7.57,5404,50563,5640.14,"0.66",53.4428574285714,38.1105798571429
"58",58,9,53.544854,37.124568,78631601,51755447,26162122,1942788,23.38,15.39,7.78,5777,54569,5454,"1.13",53.4428574285714,38.1105798571429
"59",59,9,52.898622,38.326638,80540474,52855579,26957804,2010790,23.95,15.72,8.02,5979,65602,5282.29,"-0.02",53.4428574285714,38.1105798571429
"60",60,9,53.061421,38.314457,82572848,54035670,27795980,2042676,24.55,16.07,8.26,6074,64535,5178.57,"0.82",53.4428574285714,38.1105798571429
"61",61,9,53.55762,38.642223,85008094,55547697,28701201,2079147,25.28,16.52,8.53,6182,62012,5127.43,"0.56",53.4428574285714,38.1105798571429
"62",62,9,53.55762,38.642223,87912323,57358849,29776160,2158020,26.14,17.05,8.85,6416,55347,5065.57,"0.55",53.4428574285714,38.1105798571429
"63",63,9,53.55762,38.642223,90351750,58873710,30686881,2159392,26.86,17.51,9.12,6421,41819,4991.86,"-0.14",53.4428574285714,38.1105798571429
"64",64,10,52.958772,39.278536,95721290,62451150,32904161,2168688,28.46,18.57,9.78,6448,58637,4882.14,"0.82",53.3136108571429,39.6811547142857
"65",65,10,53.368976,38.800609,92089852,60005231,31493040,2169981,27.38,17.84,9.36,6452,42233,4955,"1.58",53.3136108571429,39.6811547142857
"66",66,10,53.447902,38.782093,93692598,61088527,32102061,2151571,27.86,18.16,9.54,6397,54143,4911.29,"0.21",53.3136108571429,39.6811547142857
"67",67,10,54.065952,40.104361,107060274,69784210,37459269,2386932,31.83,20.75,11.14,7097,42003,4739.57,"0.81",53.3136108571429,39.6811547142857
"68",68,10,53.043988,40.254456,98203893,64071674,33863127,2233006,29.2,19.05,10.07,6639,59539,4819.14,"1.43",53.3136108571429,39.6811547142857
"69",69,10,53.154843,40.274014,101128005,65965305,35000159,2302844,30.07,19.61,10.41,6847,62150,4811.86,"0.71",53.3136108571429,39.6811547142857
"70",70,10,53.154843,40.274014,105703501,68884011,36929777,2541597,31.43,20.48,10.98,7557,52398,4768,"0.21",53.3136108571429,39.6811547142857
"71",71,11,54.326912,39.946276,121441497,79367225,43036818,2248285,36.11,23.6,12.8,6685,56335,4637.86,"0.92",54.0478822857143,40.0665712857143
"72",72,11,53.846774,40.185976,109081860,71054445,38335432,2427430,32.43,21.13,11.4,7218,43401,4723.29,"-0.07",54.0478822857143,40.0665712857143
"73",73,11,53.88628,40.134543,110737856,72135616,39042345,2435037,32.93,21.45,11.61,7240,54214,4704.57,"0.86",54.0478822857143,40.0665712857143
"74",74,11,53.585267,40.321243,113037627,73669956,39989196,2473762,33.61,21.9,11.89,7355,62160,4668.14,"1.14",54.0478822857143,40.0665712857143
"75",75,11,54.036119,39.985409,115730008,75495716,40981464,2503731,34.41,22.45,12.19,7444,62744,4665.43,"0.52",54.0478822857143,40.0665712857143
"76",76,11,54.326912,39.946276,118313818,77230061,41934629,2455116,35.18,22.96,12.47,7300,61264,4617.29,"0.95",54.0478822857143,40.0665712857143
"77",77,11,54.326912,39.946276,124481412,81415769,44141228,2488734,37.01,24.21,13.12,7400,43403,4640.14,"0.65",54.0478822857143,40.0665712857143
"78",78,12,55.064562,39.104932,126509736,82772416,44910946,2489697,37.62,24.61,13.35,7403,49135,4645.57,"0.89",54.3512815714286,39.5423674285714
"79",79,12,54.974286,39.208636,128217029,83930495,45533962,2497025,38.12,24.96,13.54,7424,59345,4688.29,"0.95",54.3512815714286,39.5423674285714
"80",80,12,54.380435,39.780839,130473853,85472166,46365515,2490889,38.79,25.41,13.79,7406,68626,4728.14,"0.46",54.3512815714286,39.5423674285714
"81",81,12,53.974147,39.712355,133305295,87343622,47419832,2510755,39.64,25.97,14.1,7465,66357,4777,"1.14",54.3512815714286,39.5423674285714
"82",82,12,54.021847,39.66327,136684688,89559225,48695172,2624410,40.64,26.63,14.48,7803,76812,4814.29,"-0.17",54.3512815714286,39.5423674285714
"83",83,12,54.021847,39.66327,140180735,91707729,50141769,2677034,41.68,27.27,14.91,7960,62100,4841,"0.82",54.3512815714286,39.5423674285714
"84",84,12,54.021847,39.66327,143462691,93631163,51593564,2711611,42.66,27.84,15.34,8062,51585,4916.29,"0.7",54.3512815714286,39.5423674285714
"85",85,13,54.124379,39.430828,145812835,95015762,52614231,2757586,43.35,28.25,15.64,8199,57563,4953.71,"0.4",53.9439891428571,39.6457614285714
"86",86,13,53.904588,39.536628,147602345,96044046,53423486,2769331,43.89,28.56,15.88,8234,63549,4974.86,"0.83",53.9439891428571,39.6457614285714
"87",87,13,54.106209,39.480767,150273292,97593290,54607041,2828491,44.68,29.02,16.24,8410,72685,4987.43,"0.58",53.9439891428571,39.6457614285714
"88",88,13,53.790376,39.429603,153631404,99565311,56089614,2903730,45.68,29.6,16.68,8634,73786,5003.86,"0.22",53.9439891428571,39.6457614285714
"89",89,13,53.864386,39.829318,157606463,101804762,57984785,2988825,46.86,30.27,17.24,8887,69425,5032.71,"0.53",53.9439891428571,39.6457614285714
"90",90,13,53.906377,39.90923,161688422,104213478,59858146,3072527,48.08,30.99,17.8,9136,62203,5070.86,"1.18",53.9439891428571,39.6457614285714
"91",91,13,53.911609,39.903956,165053746,106214924,61416536,3084436,49.08,31.58,18.26,9171,44066,5094.86,"0.91",53.9439891428571,39.6457614285714
"92",92,14,53.678575,39.51854,167187795,107515428,62392065,3053566,49.71,31.97,18.55,9079,56944,5151.86,"0.49",53.5069355714286,39.6396471428571
"93",93,14,53.618386,39.609798,168592075,108301234,63016976,2998533,50.13,32.2,18.74,8916,66532,5243.14,"0.65",53.5069355714286,39.6396471428571
"94",94,14,53.11851,39.950253,171476655,109995734,64422618,3029052,50.99,32.71,19.15,9006,79327,5318.57,"0.39",53.5069355714286,39.6396471428571
"95",95,14,53.348828,39.690286,174879716,112046611,66203123,3035473,52,33.32,19.68,9025,75857,5367.43,"1.37",53.5069355714286,39.6396471428571
"96",96,14,53.59475,39.569551,178837781,114436039,68202458,3033045,53.17,34.03,20.28,9018,79267,5427.14,"0.61",53.5069355714286,39.6396471428571
"97",97,14,53.59475,39.569551,183467709,117142879,70692645,3111327,54.55,34.83,21.02,9251,65881,5467.43,"0.46",53.5069355714286,39.6396471428571
"98",98,14,53.59475,39.569551,187047131,119242902,72630892,3141912,55.62,35.45,21.6,9342,50023,5521.86,"0.67",53.5069355714286,39.6396471428571
"99",99,15,53.582872,39.497847,189692045,120848490,74066085,3214893,56.4,35.93,22.02,9559,60857,5554.57,"0.67",53.1642541428571,40.3577945714286
"100",100,15,53.571123,39.525347,192282781,122295530,75322283,3384387,57.17,36.36,22.4,10063,74717,5538.29,"0.67",53.1642541428571,40.3577945714286
"101",101,15,52.479558,40.920696,194791836,123917385,76681252,3330740,57.92,36.84,22.8,9903,73450,5544,"-0.26",53.1642541428571,40.3577945714286
"102",102,15,52.789209,40.751822,198317040,125822868,78498290,3348189,58.97,37.41,23.34,9955,74581,5551.14,"1.28",53.1642541428571,40.3577945714286
"103",103,15,53.242339,40.60295,202282923,127743096,80609818,3349306,60.15,37.98,23.97,9959,70789,5582.57,"-0.2",53.1642541428571,40.3577945714286
"104",104,15,53.242339,40.60295,205871913,129494179,82471151,3200601,61.21,38.5,24.52,9516,73646,5623.43,"0",53.1642541428571,40.3577945714286
"105",105,15,53.242339,40.60295,209406814,131247546,84263408,3194240,62.26,39.02,25.05,9497,47821,5627.86,"0.16",53.1642541428571,40.3577945714286
"106",106,16,53.283328,40.57157,211581309,132321628,85365180,3127038,62.91,39.34,25.38,9298,34863,5625.14,"0.5",53.6406652857143,40.2791985714286
"107",107,16,53.751111,39.913626,222322230,137234889,91175995,2862758,66.1,40.8,27.11,8512,63853,5435.71,"-0.67",53.6406652857143,40.2791985714286
"108",108,16,53.455244,40.625908,213388238,133266995,86223506,3015065,63.45,39.62,25.64,8965,61254,5607.29,"-0.5",53.6406652857143,40.2791985714286
"109",109,16,53.431994,40.051306,215951909,134445595,87592646,3022868,64.21,39.97,26.04,8988,64443,5580.71,"0.67",53.6406652857143,40.2791985714286
"110",110,16,53.266932,40.234692,218947643,135791031,89245776,2947229,65.1,40.37,26.54,8763,60971,5536.14,"1.4",53.6406652857143,40.2791985714286
"111",111,16,53.751111,39.913626,225640460,138644724,93078040,2824078,67.09,41.22,27.68,8397,51747,5324.14,"1.41",53.6406652857143,40.2791985714286
"112",112,16,54.544937,40.643662,228661408,139978480,94772329,2750656,67.99,41.62,28.18,8179,39681,5228.86,"0.86",53.6406652857143,40.2791985714286
"113",113,17,53.761107,41.540675,237360493,143793565,99668945,2630407,70.57,42.75,29.63,7821,56628,4917.14,"1.04",54.0637702857143,41.3001738571429
"114",114,17,54.455284,40.876175,230768454,140969663,95888088,2741021,68.61,41.91,28.51,8150,39682,5143.14,"0.86",54.0637702857143,41.3001738571429
"115",115,17,54.382766,41.340155,232407669,141751857,96747454,2717062,69.1,42.15,28.77,8079,52433,5069.57,"0.03",54.0637702857143,41.3001738571429
"116",116,17,53.971838,41.695633,234639414,142692987,98044421,2669644,69.77,42.43,29.15,7938,56095,4983.43,"0.59",54.0637702857143,41.3001738571429
"117",117,17,53.914535,41.374227,240159677,144894586,101407318,2548207,71.41,43.08,30.15,7577,54935,4882.86,"1.52",54.0637702857143,41.3001738571429
"118",118,17,53.980431,41.137176,243463471,146239208,103422555,2546144,72.39,43.48,30.75,7570,47230,4803.57,"0.87",54.0637702857143,41.3001738571429
"119",119,17,53.980431,41.137176,245591469,147047012,104774652,2418580,73.02,43.72,31.15,7191,35408,4733.57,"0.73",54.0637702857143,41.3001738571429
"120",120,18,53.49088,39.953578,246780203,147517734,105523520,2287393,73.38,43.86,31.38,6801,33518,4699.71,"0.37",53.4531195714286,40.063194
"121",121,18,53.549666,40.012343,247769049,147894671,106168588,2194483,73.67,43.97,31.57,6525,44480,4625.86,"1.17",53.4531195714286,40.063194
"122",122,18,53.27999,40.113415,249566820,148562891,107346533,2132487,74.2,44.17,31.92,6341,45577,4554.43,"-0.27",53.4531195714286,40.063194
"123",123,18,53.368107,40.047005,251973752,149462265,108926627,2087608,74.92,44.44,32.39,6207,43021,4467.71,"0.68",53.4531195714286,40.063194
"124",124,18,53.494398,40.105339,254779333,150416559,110874920,2088522,75.75,44.72,32.97,6210,43681,4374.43,"0.12",53.4531195714286,40.063194
"125",125,18,53.494398,40.105339,257347205,151315505,112626771,1983391,76.52,44.99,33.49,5897,35822,4321,"0.88",53.4531195714286,40.063194
"126",126,18,53.494398,40.105339,259716989,152116936,114258244,2017931,77.22,45.23,33.97,6000,26292,4236.86,"1.03",53.4531195714286,40.063194
"127",127,19,54.076384,39.70373,261599381,152819904,115530780,2117025,77.78,45.44,34.35,6295,24827,4143.43,"-0.02",53.1733947142857,40.4575497142857
"128",128,19,54.020018,39.648582,263132561,153448316,116576359,2194787,78.24,45.63,34.66,6526,34557,4047.71,"0.06",53.1733947142857,40.4575497142857
"129",129,19,52.792521,40.898533,264680844,153986312,117647439,2159146,78.7,45.79,34.98,6420,35387,3964.86,"-0.31",53.1733947142857,40.4575497142857
"130",130,19,52.940977,40.783846,266596486,154624231,118987308,2088962,79.27,45.97,35.38,6211,35589,3878.29,"0.25",53.1733947142857,40.4575497142857
"131",131,19,52.794621,40.722719,268438666,155251852,120258637,1951333,79.82,46.16,35.76,5802,33460,3788.43,"0.81",53.1733947142857,40.4575497142857
"132",132,19,52.794621,40.722719,270832342,156217367,121768268,1926448,80.53,46.45,36.21,5728,28507,3698.14,"0.6",53.1733947142857,40.4575497142857
"133",133,19,52.794621,40.722719,272925411,157132234,122999721,1886917,81.15,46.72,36.57,5610,20490,3631.86,"0.7",53.1733947142857,40.4575497142857
"134",134,20,52.766378,40.728347,274411901,157827208,123828224,1830360,81.59,46.93,36.82,5442,19895,3548.43,"0.83",53.4133698571429,40.724354
"135",135,20,52.722626,40.723925,275535207,158365411,124455693,1771807,81.93,47.09,37,5268,28744,3472,"1.1",53.4133698571429,40.724354
"136",136,20,52.913053,41.056014,277290173,159174963,125453423,1801333,82.45,47.33,37.3,5356,28152,3413.86,"-0.33",53.4133698571429,40.724354
"137",137,20,52.932221,40.927904,279397250,160177820,126605166,1828681,83.07,47.63,37.64,5437,27456,3341.14,"0.46",53.4133698571429,40.724354
"138",138,20,54.185913,40.544004,281595351,161278336,127778250,1879526,83.73,47.95,37.99,5588,27789,3279.57,"0.82",53.4133698571429,40.724354
"139",139,20,54.186699,40.545142,283941223,162470794,129006463,1872697,84.42,48.31,38.36,5568,21532,3235,"0.48",53.4133698571429,40.724354
"140",140,20,54.186699,40.545142,285720586,163309414,130014175,1827882,84.95,48.56,38.66,5435,15108,3208.86,"-0.76",53.4133698571429,40.724354
"141",141,21,54.334964,40.323921,286890900,163907827,130615797,1782714,85.3,48.73,38.84,5301,15916,3181,"1.59",53.9991164285714,40.5764138571429
"142",142,21,54.65748,40.22551,287788872,164378258,131078608,1750524,85.57,48.87,38.97,5205,24162,3132.29,"1.13",53.9991164285714,40.5764138571429
"143",143,21,53.580561,40.832753,293705050,167157043,134418748,1394832,87.33,49.7,39.97,4147,15576,2864.71,"0.52",53.9991164285714,40.5764138571429
"144",144,21,54.320504,40.268356,289212304,165074907,131850089,1703162,85.99,49.08,39.2,5064,23609,3059.57,"0.96",53.9991164285714,40.5764138571429
"145",145,21,53.939184,40.718851,290724607,165718717,132769894,1618194,86.44,49.27,39.48,4811,21753,3024.86,"0.8",53.9991164285714,40.5764138571429
"146",146,21,53.580561,40.832753,292099778,166388129,133532544,1500632,86.85,49.47,39.7,4462,20325,2955.71,"0.7",53.9991164285714,40.5764138571429
"147",147,21,53.580561,40.832753,294928850,167733972,135087319,1315466,87.69,49.87,40.17,3911,11668,2786.71,"1.07",53.9991164285714,40.5764138571429
"148",148,22,53.362852,40.100893,296912892,168734435,136155250,1100084,88.28,50.17,40.48,3271,16755,2506.43,"1.17",53.4336215714286,40.3365355714286
"149",149,22,53.580561,40.832753,296658566,168612082,135867425,1253664,88.205,50.135,40.4,3728,9010,2700.29,"2",53.4336215714286,40.3365355714286
"150",150,22,53.67661,39.797097,296404240,168489729,135867425,1230767,88.13,50.1,40.4,3659,9243,2562.29,"-0.86",53.4336215714286,40.3365355714286
"151",151,22,53.408043,40.383448,301638578,170833221,138969323,958533,89.69,50.79,41.32,2850,10767,2292,"1.38",53.4336215714286,40.3365355714286
"152",152,22,53.191199,40.474662,297720928,169090262,136644618,999474,88.52,50.28,40.63,2972,18819,2432.71,"-0.64",53.4336215714286,40.3365355714286
"153",153,22,53.408043,40.383448,299120522,169735441,137455367,1002963,88.94,50.47,40.87,2982,18359,2379.29,"0.64",53.4336215714286,40.3365355714286
"154",154,22,53.408043,40.383448,300268730,170272150,138112702,937669,89.28,50.63,41.07,2788,14444,2337,"0.58",53.4336215714286,40.3365355714286
"155",155,23,53.144832,40.531937,303923667,171731584,140441957,1074204,90.37,51.06,41.76,3194,14390,2260.86,"1.52",53.1483751428571,40.5917397142857
"156",156,23,53.277751,40.429315,302851917,171310738,139748661,1026482,90.05,50.94,41.55,3052,10210,2251.71,"0.58",53.1483751428571,40.5917397142857
"157",157,23,53.06611,40.573357,304753476,172054276,140980110,1120083,90.61,51.16,41.92,3330,19188,2198.57,"1.42",53.1483751428571,40.5917397142857
"158",158,23,52.991645,40.64205,305687618,172423605,141583252,1138099,90.89,51.27,42.1,3384,16237,2157.14,"0.44",53.1483751428571,40.5917397142857
"159",159,23,53.186096,40.655173,306509795,172758350,142095530,1055610,91.14,51.37,42.25,3139,13729,2123.43,"-0.97",53.1483751428571,40.5917397142857
"160",160,23,53.186096,40.655173,308112728,173391711,143119077,1120571,91.61,51.55,42.55,3332,11977,2085.14,"0.59",53.1483751428571,40.5917397142857
"161",161,23,53.186096,40.655173,309322545,173840483,143921222,1097710,91.97,51.69,42.79,3264,8424,2066.14,"-0.02",53.1483751428571,40.5917397142857
"162",162,24,53.112947,40.803505,310645827,174234573,144919339,1113416,92.36,51.81,43.09,3311,8391,2049.57,"0.3",52.1393137142857,41.9628875714286
"163",163,24,52.95932,41.179657,311886674,174674144,145768367,1137572,92.73,51.94,43.34,3382,13139,2003.43,"-0.21",52.1393137142857,41.9628875714286
"164",164,24,51.939883,41.985094,312915170,175053401,146456124,1165956,93.04,52.05,43.55,3467,13530,1979.86,"-1.11",52.1393137142857,41.9628875714286
"165",165,24,51.680343,42.453913,314969386,175867860,147758585,1325967,93.65,52.29,43.93,3943,13445,1943.86,"-0.5",52.1393137142857,41.9628875714286
"166",166,24,51.760901,42.439348,316048776,176290249,148459003,1362712,93.97,52.42,44.14,4052,11726,1924,"0.28",52.1393137142857,41.9628875714286
"167",167,24,51.760901,42.439348,317117797,176737141,149125164,1286438,94.29,52.55,44.34,3825,12193,1899.71,"0.18",52.1393137142857,41.9628875714286
"168",168,24,51.760901,42.439348,317966408,177088290,149667646,1234838,94.54,52.65,44.5,3672,8886,1869.57,"-0.69",52.1393137142857,41.9628875714286
"169",169,25,51.666885,42.609325,318576441,177342954,150046006,1132945,94.72,52.73,44.61,3369,8518,1848.57,"0.77",52.345533,42.1978402857143
"170",170,25,51.763069,42.558624,319223844,177635067,150424675,1048167,94.92,52.82,44.73,3117,13921,1852.71,"-0.12",52.345533,42.1978402857143
"171",171,25,52.301904,42.363,319872053,177948892,150787303,993840,95.11,52.91,44.83,2955,14437,1842,"0.72",52.345533,42.1978402857143
"172",172,25,52.633511,42.132695,320687205,178331677,151252034,816831,95.35,53.02,44.97,2429,15410,1847.43,"0.66",52.345533,42.1978402857143
"173",173,25,52.652664,42.12299,321199379,178491147,151615554,735800,95.5,53.07,45.08,2188,14327,1823.71,"0.02",52.345533,42.1978402857143
"174",174,25,52.700349,41.799124,322123103,178873816,152184243,715044,95.78,53.18,45.25,2126,12862,1831.86,"-0.31",52.345533,42.1978402857143
"175",175,25,52.700349,41.799124,323327328,179261269,153028665,765846,96.14,53.3,45.5,2277,9619,1845.14,"-0.52",52.345533,42.1978402857143
"176",176,26,52.678675,41.886426,324414371,179615165,153776118,833990,96.46,53.41,45.72,2480,10878,1866.86,"-0.14",52.23065,42.191082
"177",177,26,52.711431,41.905134,325152847,179940202,154199664,847000,96.68,53.5,45.85,2518,16482,1877.14,"0.82",52.23065,42.191082
"178",178,26,52.124295,42.24044,326521526,180674739,154884686,949925,97.09,53.72,46.05,2824,17894,1902.29,"-0.17",52.23065,42.191082
"179",179,26,52.014152,42.289261,328152304,181339416,155884601,1066443,97.57,53.92,46.35,3171,18961,1917,"0.83",52.23065,42.191082
"180",180,26,52.105449,42.343048,328809470,181650678,156255896,1087156,97.77,54.01,46.46,3232,17357,1980.14,"0.81",52.23065,42.191082
"181",181,26,52.105449,42.343048,329970551,182109860,156982549,1121064,98.11,54.15,46.68,3333,15304,2010.86,"0.33",52.23065,42.191082
"182",182,26,51.875099,42.330217,330604253,182412776,157323738,1039561,98.3,54.24,46.78,3091,12495,2038.86,"0.21",52.23065,42.191082
"183",183,27,51.83027,42.083952,331651464,182896080,157908171,732848,98.61,54.38,46.95,2179,24667,2169.14,"-0.02",51.6667938571429,42.2222254285714
"184",184,27,51.61698,42.274762,332345797,183237046,158287566,599070,98.82,54.48,47.06,1781,30696,2242.71,"-0.33",51.6667938571429,42.2222254285714
"185",185,27,51.612871,42.26235,332966409,183542871,158629431,593848,99,54.57,47.17,1766,29325,2303.86,"-0.51",51.6667938571429,42.2222254285714
"186",186,27,51.612871,42.26235,333565404,183836917,158954417,513550,99.18,54.66,47.26,1527,24383,2400.86,"-1.01",51.6667938571429,42.2222254285714
"187",187,27,51.612871,42.26235,334151648,184132768,159266536,506771,99.35,54.75,47.35,1507,20648,2498.14,"0.81",51.6667938571429,42.2222254285714
"188",188,27,51.875099,42.330217,332682997.5,183423416,157636088,927847,98.915,54.54,46.87,2759,11149,2065.43,"0.39",51.6667938571429,42.2222254285714
"189",189,27,51.506595,42.079597,331214347,182714064,157636088,865929,98.48,54.33,46.87,2575,16896,2096.14,"1.32",51.6667938571429,42.2222254285714
"190",190,28,51.555196,42.219265,334600770,184365333,159499224,527353,99.49,54.82,47.42,1568,24442,2611.71,"-1.12",51.4624587142857,42.4553212857143
"191",191,28,51.556072,42.227539,334942236,184543821,159675163,532556,99.59,54.87,47.48,1583,35888,2754.29,"-0.1",51.4624587142857,42.4553212857143
"192",192,28,51.183399,42.560227,335487779,184835149,160126516,548045,99.75,54.96,47.61,1630,41202,2839.86,"-0.28",51.4624587142857,42.4553212857143
"193",193,28,51.099852,42.571037,336054953,185135757,160408538,529879,99.92,55.05,47.69,1575,42871,2965.71,"-0.75",51.4624587142857,42.4553212857143
"194",194,28,51.209837,42.538023,336604158,185424899,160686378,519678,100.08,55.13,47.78,1545,43946,3100.29,"-0.63",51.4624587142857,42.4553212857143
"195",195,28,51.209837,42.538023,337239448,185765452,160994035,524863,100.27,55.23,47.87,1561,37862,3240.43,"-0.32",51.4624587142857,42.4553212857143
"196",196,28,52.423018,42.533135,337740358,186038501,161232483,512673,100.42,55.32,47.94,1524,34924,3379.71,"-0.45",51.4624587142857,42.4553212857143
"197",197,29,52.452551,42.470547,338247434,186317651,161473715,520952,100.57,55.4,48.01,1549,37654,3543.57,"0.59",52.3394998571429,42.6279271428571
"198",198,29,52.393667,42.728752,340363922,187579557,162435276,537109,101.2,55.77,48.3,1597,70211,4439.29,"0.22",52.3394998571429,42.6279271428571
"199",199,29,52.393667,42.728752,341039972,187982826,162725812,542932,101.4,55.89,48.38,1614,61584,4691,"0.47",52.3394998571429,42.6279271428571
"200",200,29,52.393667,42.728752,341818968,188472188,163025726,582659,101.63,56.04,48.47,1732,51945,4943.57,"0.24",52.3394998571429,42.6279271428571
"201",201,29,52.331278,42.470673,338491374,186474836,161631676,507020,100.64,55.44,48.06,1508,53311,3741.14,"0",52.3394998571429,42.6279271428571
"202",202,29,52.102192,42.602615,339102867,186819440,161895045,516441,100.83,55.55,48.14,1536,65663,3954.86,"-0.14",52.3394998571429,42.6279271428571
"203",203,29,52.309477,42.665399,339763765,187216168,162174165,529830,101.02,55.67,48.22,1575,71302,4205.57,"0.03",52.3394998571429,42.6279271428571
"204",204,30,52.710312,42.740475,342212051,188729282,163173366,566374,101.75,56.12,48.52,1684,58108,5209.43,"0.02",51.872542,43.2047855714286
"205",205,30,52.550923,42.889833,342607540,188996475,163312474,588024,101.87,56.19,48.56,1748,87616,5508.57,"0.36",51.872542,43.2047855714286
"206",206,30,51.897702,43.190428,343361524,189494180,163588042,608380,102.09,56.34,48.64,1809,96177,5832,"0.05",51.872542,43.2047855714286
"207",207,30,51.509736,43.386249,344071595,189945907,163868916,615404,102.3,56.48,48.72,1830,100649,6107,"0.71",51.872542,43.2047855714286
"208",208,30,51.479707,43.408838,344928514,190509183,164184080,652085,102.56,56.64,48.82,1939,108048,6473.14,"0.17",51.872542,43.2047855714286
"209",209,30,51.479707,43.408838,345640466,190982149,164446964,657213,102.77,56.79,48.9,1954,93240,6817.71,"-0.03",51.872542,43.2047855714286
"210",210,30,51.479707,43.408838,346456669,191498983,164757423,662529,103.01,56.94,48.99,1970,74674,7104.71,"-0.4",51.872542,43.2047855714286
"211",211,31,51.061154,42.389231,346924345,191818585,164919666,673185,103.15,57.03,49.04,2002,81546,7394.57,"0.06",50.499269,43.0806421428571
"212",212,31,50.893504,42.888056,347377149,192120576,165081416,681373,103.29,57.12,49.08,2026,117460,7758,"-0.43",50.499269,43.0806421428571
"213",213,31,50.578938,43.04428,348102478,192614017,165334987,677279,103.5,57.27,49.16,2014,130628,8098.43,"-1.67",50.499269,43.0806421428571
"214",214,31,50.214188,43.347257,348966419,193199353,165637566,699261,103.76,57.44,49.25,2079,131935,8464.29,"-0.28",50.499269,43.0806421428571
"215",215,31,50.249033,43.298557,349787479,193764457,165918256,694138,104,57.61,49.33,2064,126683,8774.71,"0.47",50.499269,43.0806421428571
"216",216,31,50.249033,43.298557,350627188,194346486,166203176,712389,104.25,57.79,49.42,2118,122211,9073.86,"0.23",50.499269,43.0806421428571
"217",217,31,50.249033,43.298557,351400930,194866738,166477481,706323,104.48,57.94,49.5,2100,94240,9402.43,"-0.42",50.499269,43.0806421428571
"218",218,32,50.393092,43.343625,351933175,195222906,166654374,715547,104.64,58.05,49.55,2128,96205,9716.86,"-0.16",50.1763204285714,43.5042928571429
"219",219,32,50.427115,43.13754,352550944,195646711,166861912,739114,104.82,58.17,49.61,2198,143167,10019.71,"-0.9",50.1763204285714,43.5042928571429
"220",220,32,50.321962,43.299098,353205544,196077952,167105507,729009,105.02,58.3,49.69,2168,154497,10332,"0.33",50.1763204285714,43.5042928571429
"221",221,32,50.192013,43.486221,353859894,196505543,167354729,699068,105.21,58.43,49.76,2079,157206,10636.43,"-0.1",50.1763204285714,43.5042928571429
"222",222,32,49.966687,43.754522,354777950,197081471,167699170,712924,105.49,58.6,49.86,2120,149814,10890,"0.07",50.1763204285714,43.5042928571429
"223",223,32,49.966687,43.754522,355768825,197685048,168090925,734520,105.78,58.78,49.98,2184,138610,11116.14,"-0.08",50.1763204285714,43.5042928571429
"224",224,32,49.966687,43.754522,356433665,198088722,168362058,718962,105.98,58.9,50.06,2138,108243,11251.71,"0.62",50.1763204285714,43.5042928571429
"225",225,33,49.928948,43.990931,357292057,198595349,168689357,765555,106.23,59.05,50.16,2276,112018,11403.14,"0.57",49.3515228571429,44.8523002857143
"226",226,33,49.75954,44.025428,357894995,198929642,168897604,763436,106.41,59.15,50.22,2270,159934,11582.71,"0.75",49.3515228571429,44.8523002857143
"227",227,33,49.329073,44.468648,358599835,199325940,169186268,770613,106.62,59.27,50.3,2291,177535,11742.86,"0.36",49.3515228571429,44.8523002857143
"228",228,33,49.105388,44.540729,359623380,199887548,169592873,823355,106.93,59.43,50.43,2448,168794,11846,"0.5",49.3515228571429,44.8523002857143
"229",229,33,48.943483,45.242046,360634287,200421787,169998983,836620,107.23,59.59,50.55,2488,167406,11942.86,"0.25",49.3515228571429,44.8523002857143
"230",230,33,49.017734,45.458707,361684564,200947556,170406785,845106,107.54,59.75,50.67,2513,144359,12042.29,"0.34",49.3515228571429,44.8523002857143
"231",231,33,49.376494,46.239613,362657771,201425785,170821621,889158,107.83,59.89,50.79,2644,119260,12173.43,"1.18",49.3515228571429,44.8523002857143
"232",232,34,48.490917,45.947502,363267789,201718587,171088954,853676,108.01,59.98,50.87,2538,120116,12237.43,"-0.06",47.5183591428571,46.823873
"233",233,34,47.639288,47.004348,363915792,202041893,171367657,860114,108.2,60.07,50.95,2557,175088,12278.43,"-0.19",47.5183591428571,46.823873
"234",234,34,47.592926,46.935481,364842701,202500853,171773370,891838,108.48,60.21,51.07,2652,190828,12264.71,"-0.37",47.5183591428571,46.823873
"235",235,34,47.183967,47.042779,365767674,202961676,172171009,877756,108.75,60.35,51.19,2610,187528,12313,"1.08",47.5183591428571,46.823873
"236",236,34,47.240472,46.945667,366838484,203475192,172646952,886314,109.07,60.5,51.33,2635,183452,12330.43,"0.27",47.5183591428571,46.823873
"237",237,34,47.240472,46.945667,367911870,203992008,173101292,889615,109.39,60.65,51.47,2645,147895,12304.57,"-0.14",47.5183591428571,46.823873
"238",238,34,47.240472,46.945667,368863734,204435968,173520211,886566,109.67,60.79,51.59,2636,113108,12253.86,"-0.24",47.5183591428571,46.823873
"239",239,35,46.652693,47.610505,371280129,205527578,174600017,919633,110.39,61.11,51.91,2734,191720,12262.29,"-0.35",46.267981,48.0935935
"240",240,35,46.20802,47.994992,372116617,205911640,174973937,906992,110.64,61.22,52.03,2697,182763,12231.71,"-0.19",46.267981,48.0935935
"241",241,35,45.924771,48.43587,373516809,206461869,175538025,954046,111.06,61.39,52.19,2837,183968,12127.43,"-0.9",46.267981,48.0935935
"242",242,35,45.923564,48.436024,374488924,206908710,175968266,939579,111.35,61.52,52.32,2794,143746,12103.29,"-0.4",46.267981,48.0935935
"243",243,35,45.923564,48.436024,372350475.5,205967390,174121529,875334,110.715,61.24,51.77,2603,111875,12072.14,"-1.93",46.267981,48.0935935
"244",244,35,46.975274,47.648146,370212027,205026070,174121529,899462,110.08,60.96,51.77,2674,180542,12210.71,"-3",46.267981,48.0935935
